--
-- PostgreSQL database dump
--

-- Dumped from database version 15.2
-- Dumped by pg_dump version 15.2

-- Started on 2023-06-08 23:28:06

SET statement_timeout = 0;
SET lock_timeout = 0;
SET idle_in_transaction_session_timeout = 0;
SET client_encoding = 'UTF8';
SET standard_conforming_strings = on;
SELECT pg_catalog.set_config('search_path', '', false);
SET check_function_bodies = false;
SET xmloption = content;
SET client_min_messages = warning;
SET row_security = off;

SET default_tablespace = '';

SET default_table_access_method = heap;

--
-- TOC entry 231 (class 1259 OID 24686)
-- Name: account_emailaddress; Type: TABLE; Schema: public; Owner: postgres
--

CREATE TABLE public.account_emailaddress (
    id integer NOT NULL,
    email character varying(254) NOT NULL,
    verified boolean NOT NULL,
    "primary" boolean NOT NULL,
    user_id integer NOT NULL
);


ALTER TABLE public.account_emailaddress OWNER TO postgres;

--
-- TOC entry 230 (class 1259 OID 24685)
-- Name: account_emailaddress_id_seq; Type: SEQUENCE; Schema: public; Owner: postgres
--

ALTER TABLE public.account_emailaddress ALTER COLUMN id ADD GENERATED BY DEFAULT AS IDENTITY (
    SEQUENCE NAME public.account_emailaddress_id_seq
    START WITH 1
    INCREMENT BY 1
    NO MINVALUE
    NO MAXVALUE
    CACHE 1
);


--
-- TOC entry 233 (class 1259 OID 24694)
-- Name: account_emailconfirmation; Type: TABLE; Schema: public; Owner: postgres
--

CREATE TABLE public.account_emailconfirmation (
    id integer NOT NULL,
    created timestamp with time zone NOT NULL,
    sent timestamp with time zone,
    key character varying(64) NOT NULL,
    email_address_id integer NOT NULL
);


ALTER TABLE public.account_emailconfirmation OWNER TO postgres;

--
-- TOC entry 232 (class 1259 OID 24693)
-- Name: account_emailconfirmation_id_seq; Type: SEQUENCE; Schema: public; Owner: postgres
--

ALTER TABLE public.account_emailconfirmation ALTER COLUMN id ADD GENERATED BY DEFAULT AS IDENTITY (
    SEQUENCE NAME public.account_emailconfirmation_id_seq
    START WITH 1
    INCREMENT BY 1
    NO MINVALUE
    NO MAXVALUE
    CACHE 1
);


--
-- TOC entry 221 (class 1259 OID 24600)
-- Name: auth_group; Type: TABLE; Schema: public; Owner: postgres
--

CREATE TABLE public.auth_group (
    id integer NOT NULL,
    name character varying(150) NOT NULL
);


ALTER TABLE public.auth_group OWNER TO postgres;

--
-- TOC entry 220 (class 1259 OID 24599)
-- Name: auth_group_id_seq; Type: SEQUENCE; Schema: public; Owner: postgres
--

ALTER TABLE public.auth_group ALTER COLUMN id ADD GENERATED BY DEFAULT AS IDENTITY (
    SEQUENCE NAME public.auth_group_id_seq
    START WITH 1
    INCREMENT BY 1
    NO MINVALUE
    NO MAXVALUE
    CACHE 1
);


--
-- TOC entry 223 (class 1259 OID 24608)
-- Name: auth_group_permissions; Type: TABLE; Schema: public; Owner: postgres
--

CREATE TABLE public.auth_group_permissions (
    id bigint NOT NULL,
    group_id integer NOT NULL,
    permission_id integer NOT NULL
);


ALTER TABLE public.auth_group_permissions OWNER TO postgres;

--
-- TOC entry 222 (class 1259 OID 24607)
-- Name: auth_group_permissions_id_seq; Type: SEQUENCE; Schema: public; Owner: postgres
--

ALTER TABLE public.auth_group_permissions ALTER COLUMN id ADD GENERATED BY DEFAULT AS IDENTITY (
    SEQUENCE NAME public.auth_group_permissions_id_seq
    START WITH 1
    INCREMENT BY 1
    NO MINVALUE
    NO MAXVALUE
    CACHE 1
);


--
-- TOC entry 219 (class 1259 OID 24594)
-- Name: auth_permission; Type: TABLE; Schema: public; Owner: postgres
--

CREATE TABLE public.auth_permission (
    id integer NOT NULL,
    name character varying(255) NOT NULL,
    content_type_id integer NOT NULL,
    codename character varying(100) NOT NULL
);


ALTER TABLE public.auth_permission OWNER TO postgres;

--
-- TOC entry 218 (class 1259 OID 24593)
-- Name: auth_permission_id_seq; Type: SEQUENCE; Schema: public; Owner: postgres
--

ALTER TABLE public.auth_permission ALTER COLUMN id ADD GENERATED BY DEFAULT AS IDENTITY (
    SEQUENCE NAME public.auth_permission_id_seq
    START WITH 1
    INCREMENT BY 1
    NO MINVALUE
    NO MAXVALUE
    CACHE 1
);


--
-- TOC entry 225 (class 1259 OID 24614)
-- Name: auth_user; Type: TABLE; Schema: public; Owner: postgres
--

CREATE TABLE public.auth_user (
    id integer NOT NULL,
    password character varying(128) NOT NULL,
    last_login timestamp with time zone,
    is_superuser boolean NOT NULL,
    username character varying(150) NOT NULL,
    first_name character varying(150) NOT NULL,
    last_name character varying(150) NOT NULL,
    email character varying(254) NOT NULL,
    is_staff boolean NOT NULL,
    is_active boolean NOT NULL,
    date_joined timestamp with time zone NOT NULL
);


ALTER TABLE public.auth_user OWNER TO postgres;

--
-- TOC entry 227 (class 1259 OID 24622)
-- Name: auth_user_groups; Type: TABLE; Schema: public; Owner: postgres
--

CREATE TABLE public.auth_user_groups (
    id bigint NOT NULL,
    user_id integer NOT NULL,
    group_id integer NOT NULL
);


ALTER TABLE public.auth_user_groups OWNER TO postgres;

--
-- TOC entry 226 (class 1259 OID 24621)
-- Name: auth_user_groups_id_seq; Type: SEQUENCE; Schema: public; Owner: postgres
--

ALTER TABLE public.auth_user_groups ALTER COLUMN id ADD GENERATED BY DEFAULT AS IDENTITY (
    SEQUENCE NAME public.auth_user_groups_id_seq
    START WITH 1
    INCREMENT BY 1
    NO MINVALUE
    NO MAXVALUE
    CACHE 1
);


--
-- TOC entry 224 (class 1259 OID 24613)
-- Name: auth_user_id_seq; Type: SEQUENCE; Schema: public; Owner: postgres
--

ALTER TABLE public.auth_user ALTER COLUMN id ADD GENERATED BY DEFAULT AS IDENTITY (
    SEQUENCE NAME public.auth_user_id_seq
    START WITH 1
    INCREMENT BY 1
    NO MINVALUE
    NO MAXVALUE
    CACHE 1
);


--
-- TOC entry 229 (class 1259 OID 24628)
-- Name: auth_user_user_permissions; Type: TABLE; Schema: public; Owner: postgres
--

CREATE TABLE public.auth_user_user_permissions (
    id bigint NOT NULL,
    user_id integer NOT NULL,
    permission_id integer NOT NULL
);


ALTER TABLE public.auth_user_user_permissions OWNER TO postgres;

--
-- TOC entry 228 (class 1259 OID 24627)
-- Name: auth_user_user_permissions_id_seq; Type: SEQUENCE; Schema: public; Owner: postgres
--

ALTER TABLE public.auth_user_user_permissions ALTER COLUMN id ADD GENERATED BY DEFAULT AS IDENTITY (
    SEQUENCE NAME public.auth_user_user_permissions_id_seq
    START WITH 1
    INCREMENT BY 1
    NO MINVALUE
    NO MAXVALUE
    CACHE 1
);


--
-- TOC entry 235 (class 1259 OID 24719)
-- Name: django_admin_log; Type: TABLE; Schema: public; Owner: postgres
--

CREATE TABLE public.django_admin_log (
    id integer NOT NULL,
    action_time timestamp with time zone NOT NULL,
    object_id text,
    object_repr character varying(200) NOT NULL,
    action_flag smallint NOT NULL,
    change_message text NOT NULL,
    content_type_id integer,
    user_id integer NOT NULL,
    CONSTRAINT django_admin_log_action_flag_check CHECK ((action_flag >= 0))
);


ALTER TABLE public.django_admin_log OWNER TO postgres;

--
-- TOC entry 234 (class 1259 OID 24718)
-- Name: django_admin_log_id_seq; Type: SEQUENCE; Schema: public; Owner: postgres
--

ALTER TABLE public.django_admin_log ALTER COLUMN id ADD GENERATED BY DEFAULT AS IDENTITY (
    SEQUENCE NAME public.django_admin_log_id_seq
    START WITH 1
    INCREMENT BY 1
    NO MINVALUE
    NO MAXVALUE
    CACHE 1
);


--
-- TOC entry 217 (class 1259 OID 24586)
-- Name: django_content_type; Type: TABLE; Schema: public; Owner: postgres
--

CREATE TABLE public.django_content_type (
    id integer NOT NULL,
    app_label character varying(100) NOT NULL,
    model character varying(100) NOT NULL
);


ALTER TABLE public.django_content_type OWNER TO postgres;

--
-- TOC entry 216 (class 1259 OID 24585)
-- Name: django_content_type_id_seq; Type: SEQUENCE; Schema: public; Owner: postgres
--

ALTER TABLE public.django_content_type ALTER COLUMN id ADD GENERATED BY DEFAULT AS IDENTITY (
    SEQUENCE NAME public.django_content_type_id_seq
    START WITH 1
    INCREMENT BY 1
    NO MINVALUE
    NO MAXVALUE
    CACHE 1
);


--
-- TOC entry 215 (class 1259 OID 24578)
-- Name: django_migrations; Type: TABLE; Schema: public; Owner: postgres
--

CREATE TABLE public.django_migrations (
    id bigint NOT NULL,
    app character varying(255) NOT NULL,
    name character varying(255) NOT NULL,
    applied timestamp with time zone NOT NULL
);


ALTER TABLE public.django_migrations OWNER TO postgres;

--
-- TOC entry 214 (class 1259 OID 24577)
-- Name: django_migrations_id_seq; Type: SEQUENCE; Schema: public; Owner: postgres
--

ALTER TABLE public.django_migrations ALTER COLUMN id ADD GENERATED BY DEFAULT AS IDENTITY (
    SEQUENCE NAME public.django_migrations_id_seq
    START WITH 1
    INCREMENT BY 1
    NO MINVALUE
    NO MAXVALUE
    CACHE 1
);


--
-- TOC entry 238 (class 1259 OID 24773)
-- Name: django_session; Type: TABLE; Schema: public; Owner: postgres
--

CREATE TABLE public.django_session (
    session_key character varying(40) NOT NULL,
    session_data text NOT NULL,
    expire_date timestamp with time zone NOT NULL
);


ALTER TABLE public.django_session OWNER TO postgres;

--
-- TOC entry 240 (class 1259 OID 24783)
-- Name: django_site; Type: TABLE; Schema: public; Owner: postgres
--

CREATE TABLE public.django_site (
    id integer NOT NULL,
    domain character varying(100) NOT NULL,
    name character varying(50) NOT NULL
);


ALTER TABLE public.django_site OWNER TO postgres;

--
-- TOC entry 239 (class 1259 OID 24782)
-- Name: django_site_id_seq; Type: SEQUENCE; Schema: public; Owner: postgres
--

ALTER TABLE public.django_site ALTER COLUMN id ADD GENERATED BY DEFAULT AS IDENTITY (
    SEQUENCE NAME public.django_site_id_seq
    START WITH 1
    INCREMENT BY 1
    NO MINVALUE
    NO MAXVALUE
    CACHE 1
);


--
-- TOC entry 237 (class 1259 OID 24748)
-- Name: paypal_ipn; Type: TABLE; Schema: public; Owner: postgres
--

CREATE TABLE public.paypal_ipn (
    id bigint NOT NULL,
    business character varying(127) NOT NULL,
    charset character varying(255) NOT NULL,
    custom character varying(256) NOT NULL,
    notify_version numeric(64,2),
    parent_txn_id character varying(19) NOT NULL,
    receiver_email character varying(254) NOT NULL,
    receiver_id character varying(255) NOT NULL,
    residence_country character varying(2) NOT NULL,
    test_ipn boolean NOT NULL,
    txn_id character varying(255) NOT NULL,
    txn_type character varying(255) NOT NULL,
    verify_sign character varying(255) NOT NULL,
    address_country character varying(64) NOT NULL,
    address_city character varying(40) NOT NULL,
    address_country_code character varying(64) NOT NULL,
    address_name character varying(128) NOT NULL,
    address_state character varying(40) NOT NULL,
    address_status character varying(255) NOT NULL,
    address_street character varying(200) NOT NULL,
    address_zip character varying(20) NOT NULL,
    contact_phone character varying(20) NOT NULL,
    first_name character varying(64) NOT NULL,
    last_name character varying(64) NOT NULL,
    payer_business_name character varying(127) NOT NULL,
    payer_email character varying(127) NOT NULL,
    payer_id character varying(13) NOT NULL,
    auth_amount numeric(64,2),
    auth_exp character varying(28) NOT NULL,
    auth_id character varying(19) NOT NULL,
    auth_status character varying(255) NOT NULL,
    exchange_rate numeric(64,16),
    invoice character varying(127) NOT NULL,
    item_name character varying(127) NOT NULL,
    item_number character varying(127) NOT NULL,
    mc_currency character varying(32) NOT NULL,
    mc_fee numeric(64,2),
    mc_gross numeric(64,2),
    mc_handling numeric(64,2),
    mc_shipping numeric(64,2),
    memo character varying(255) NOT NULL,
    num_cart_items integer,
    option_name1 character varying(64) NOT NULL,
    option_name2 character varying(64) NOT NULL,
    payer_status character varying(255) NOT NULL,
    payment_date timestamp with time zone,
    payment_gross numeric(64,2),
    payment_status character varying(255) NOT NULL,
    payment_type character varying(255) NOT NULL,
    pending_reason character varying(255) NOT NULL,
    protection_eligibility character varying(255) NOT NULL,
    quantity integer,
    reason_code character varying(255) NOT NULL,
    remaining_settle numeric(64,2),
    settle_amount numeric(64,2),
    settle_currency character varying(32) NOT NULL,
    shipping numeric(64,2),
    shipping_method character varying(255) NOT NULL,
    tax numeric(64,2),
    transaction_entity character varying(255) NOT NULL,
    auction_buyer_id character varying(64) NOT NULL,
    auction_closing_date timestamp with time zone,
    auction_multi_item integer,
    for_auction numeric(64,2),
    amount numeric(64,2),
    amount_per_cycle numeric(64,2),
    initial_payment_amount numeric(64,2),
    next_payment_date timestamp with time zone,
    outstanding_balance numeric(64,2),
    payment_cycle character varying(255) NOT NULL,
    period_type character varying(255) NOT NULL,
    product_name character varying(255) NOT NULL,
    product_type character varying(255) NOT NULL,
    profile_status character varying(255) NOT NULL,
    recurring_payment_id character varying(255) NOT NULL,
    rp_invoice_id character varying(127) NOT NULL,
    time_created timestamp with time zone,
    amount1 numeric(64,2),
    amount2 numeric(64,2),
    amount3 numeric(64,2),
    mc_amount1 numeric(64,2),
    mc_amount2 numeric(64,2),
    mc_amount3 numeric(64,2),
    password character varying(24) NOT NULL,
    period1 character varying(255) NOT NULL,
    period2 character varying(255) NOT NULL,
    period3 character varying(255) NOT NULL,
    reattempt character varying(1) NOT NULL,
    recur_times integer,
    recurring character varying(1) NOT NULL,
    retry_at timestamp with time zone,
    subscr_date timestamp with time zone,
    subscr_effective timestamp with time zone,
    subscr_id character varying(19) NOT NULL,
    username character varying(64) NOT NULL,
    case_creation_date timestamp with time zone,
    case_id character varying(255) NOT NULL,
    case_type character varying(255) NOT NULL,
    receipt_id character varying(255) NOT NULL,
    currency_code character varying(32) NOT NULL,
    handling_amount numeric(64,2),
    transaction_subject character varying(256) NOT NULL,
    ipaddress inet,
    flag boolean NOT NULL,
    flag_code character varying(16) NOT NULL,
    flag_info text NOT NULL,
    query text NOT NULL,
    response text NOT NULL,
    created_at timestamp with time zone NOT NULL,
    updated_at timestamp with time zone NOT NULL,
    from_view character varying(6),
    mp_id character varying(128),
    option_selection1 character varying(200) NOT NULL,
    option_selection2 character varying(200) NOT NULL
);


ALTER TABLE public.paypal_ipn OWNER TO postgres;

--
-- TOC entry 236 (class 1259 OID 24747)
-- Name: paypal_ipn_id_seq; Type: SEQUENCE; Schema: public; Owner: postgres
--

ALTER TABLE public.paypal_ipn ALTER COLUMN id ADD GENERATED BY DEFAULT AS IDENTITY (
    SEQUENCE NAME public.paypal_ipn_id_seq
    START WITH 1
    INCREMENT BY 1
    NO MINVALUE
    NO MAXVALUE
    CACHE 1
);


--
-- TOC entry 242 (class 1259 OID 24792)
-- Name: socialaccount_socialaccount; Type: TABLE; Schema: public; Owner: postgres
--

CREATE TABLE public.socialaccount_socialaccount (
    id integer NOT NULL,
    provider character varying(30) NOT NULL,
    uid character varying(191) NOT NULL,
    last_login timestamp with time zone NOT NULL,
    date_joined timestamp with time zone NOT NULL,
    extra_data text NOT NULL,
    user_id integer NOT NULL
);


ALTER TABLE public.socialaccount_socialaccount OWNER TO postgres;

--
-- TOC entry 241 (class 1259 OID 24791)
-- Name: socialaccount_socialaccount_id_seq; Type: SEQUENCE; Schema: public; Owner: postgres
--

ALTER TABLE public.socialaccount_socialaccount ALTER COLUMN id ADD GENERATED BY DEFAULT AS IDENTITY (
    SEQUENCE NAME public.socialaccount_socialaccount_id_seq
    START WITH 1
    INCREMENT BY 1
    NO MINVALUE
    NO MAXVALUE
    CACHE 1
);


--
-- TOC entry 244 (class 1259 OID 24800)
-- Name: socialaccount_socialapp; Type: TABLE; Schema: public; Owner: postgres
--

CREATE TABLE public.socialaccount_socialapp (
    id integer NOT NULL,
    provider character varying(30) NOT NULL,
    name character varying(40) NOT NULL,
    client_id character varying(191) NOT NULL,
    secret character varying(191) NOT NULL,
    key character varying(191) NOT NULL
);


ALTER TABLE public.socialaccount_socialapp OWNER TO postgres;

--
-- TOC entry 243 (class 1259 OID 24799)
-- Name: socialaccount_socialapp_id_seq; Type: SEQUENCE; Schema: public; Owner: postgres
--

ALTER TABLE public.socialaccount_socialapp ALTER COLUMN id ADD GENERATED BY DEFAULT AS IDENTITY (
    SEQUENCE NAME public.socialaccount_socialapp_id_seq
    START WITH 1
    INCREMENT BY 1
    NO MINVALUE
    NO MAXVALUE
    CACHE 1
);


--
-- TOC entry 246 (class 1259 OID 24806)
-- Name: socialaccount_socialapp_sites; Type: TABLE; Schema: public; Owner: postgres
--

CREATE TABLE public.socialaccount_socialapp_sites (
    id bigint NOT NULL,
    socialapp_id integer NOT NULL,
    site_id integer NOT NULL
);


ALTER TABLE public.socialaccount_socialapp_sites OWNER TO postgres;

--
-- TOC entry 245 (class 1259 OID 24805)
-- Name: socialaccount_socialapp_sites_id_seq; Type: SEQUENCE; Schema: public; Owner: postgres
--

ALTER TABLE public.socialaccount_socialapp_sites ALTER COLUMN id ADD GENERATED BY DEFAULT AS IDENTITY (
    SEQUENCE NAME public.socialaccount_socialapp_sites_id_seq
    START WITH 1
    INCREMENT BY 1
    NO MINVALUE
    NO MAXVALUE
    CACHE 1
);


--
-- TOC entry 248 (class 1259 OID 24812)
-- Name: socialaccount_socialtoken; Type: TABLE; Schema: public; Owner: postgres
--

CREATE TABLE public.socialaccount_socialtoken (
    id integer NOT NULL,
    token text NOT NULL,
    token_secret text NOT NULL,
    expires_at timestamp with time zone,
    account_id integer NOT NULL,
    app_id integer NOT NULL
);


ALTER TABLE public.socialaccount_socialtoken OWNER TO postgres;

--
-- TOC entry 247 (class 1259 OID 24811)
-- Name: socialaccount_socialtoken_id_seq; Type: SEQUENCE; Schema: public; Owner: postgres
--

ALTER TABLE public.socialaccount_socialtoken ALTER COLUMN id ADD GENERATED BY DEFAULT AS IDENTITY (
    SEQUENCE NAME public.socialaccount_socialtoken_id_seq
    START WITH 1
    INCREMENT BY 1
    NO MINVALUE
    NO MAXVALUE
    CACHE 1
);


--
-- TOC entry 258 (class 1259 OID 24924)
-- Name: toko_alamatpengiriman; Type: TABLE; Schema: public; Owner: postgres
--

CREATE TABLE public.toko_alamatpengiriman (
    id bigint NOT NULL,
    alamat_1 character varying(100) NOT NULL,
    alamat_2 character varying(100) NOT NULL,
    negara character varying(100) NOT NULL,
    kode_pos character varying(20) NOT NULL,
    user_id integer NOT NULL
);


ALTER TABLE public.toko_alamatpengiriman OWNER TO postgres;

--
-- TOC entry 257 (class 1259 OID 24923)
-- Name: toko_alamatpengiriman_id_seq; Type: SEQUENCE; Schema: public; Owner: postgres
--

ALTER TABLE public.toko_alamatpengiriman ALTER COLUMN id ADD GENERATED BY DEFAULT AS IDENTITY (
    SEQUENCE NAME public.toko_alamatpengiriman_id_seq
    START WITH 1
    INCREMENT BY 1
    NO MINVALUE
    NO MAXVALUE
    CACHE 1
);


--
-- TOC entry 262 (class 1259 OID 24960)
-- Name: toko_kategori; Type: TABLE; Schema: public; Owner: postgres
--

CREATE TABLE public.toko_kategori (
    id bigint NOT NULL,
    nama_kategori character varying(2) NOT NULL,
    slug character varying(50) NOT NULL
);


ALTER TABLE public.toko_kategori OWNER TO postgres;

--
-- TOC entry 261 (class 1259 OID 24959)
-- Name: toko_kategori_id_seq; Type: SEQUENCE; Schema: public; Owner: postgres
--

ALTER TABLE public.toko_kategori ALTER COLUMN id ADD GENERATED BY DEFAULT AS IDENTITY (
    SEQUENCE NAME public.toko_kategori_id_seq
    START WITH 1
    INCREMENT BY 1
    NO MINVALUE
    NO MAXVALUE
    CACHE 1
);


--
-- TOC entry 254 (class 1259 OID 24875)
-- Name: toko_order; Type: TABLE; Schema: public; Owner: postgres
--

CREATE TABLE public.toko_order (
    id bigint NOT NULL,
    tanggal_mulai timestamp with time zone NOT NULL,
    tanggal_order timestamp with time zone,
    ordered boolean NOT NULL,
    user_id integer NOT NULL,
    alamat_pengiriman_id bigint,
    payment_id bigint
);


ALTER TABLE public.toko_order OWNER TO postgres;

--
-- TOC entry 253 (class 1259 OID 24874)
-- Name: toko_order_id_seq; Type: SEQUENCE; Schema: public; Owner: postgres
--

ALTER TABLE public.toko_order ALTER COLUMN id ADD GENERATED BY DEFAULT AS IDENTITY (
    SEQUENCE NAME public.toko_order_id_seq
    START WITH 1
    INCREMENT BY 1
    NO MINVALUE
    NO MAXVALUE
    CACHE 1
);


--
-- TOC entry 256 (class 1259 OID 24881)
-- Name: toko_order_produk_items; Type: TABLE; Schema: public; Owner: postgres
--

CREATE TABLE public.toko_order_produk_items (
    id bigint NOT NULL,
    order_id bigint NOT NULL,
    orderprodukitem_id bigint NOT NULL
);


ALTER TABLE public.toko_order_produk_items OWNER TO postgres;

--
-- TOC entry 255 (class 1259 OID 24880)
-- Name: toko_order_produkItem_id_seq; Type: SEQUENCE; Schema: public; Owner: postgres
--

ALTER TABLE public.toko_order_produk_items ALTER COLUMN id ADD GENERATED BY DEFAULT AS IDENTITY (
    SEQUENCE NAME public."toko_order_produkItem_id_seq"
    START WITH 1
    INCREMENT BY 1
    NO MINVALUE
    NO MAXVALUE
    CACHE 1
);


--
-- TOC entry 252 (class 1259 OID 24869)
-- Name: toko_orderprodukitem; Type: TABLE; Schema: public; Owner: postgres
--

CREATE TABLE public.toko_orderprodukitem (
    id bigint NOT NULL,
    ordered boolean NOT NULL,
    quantity integer NOT NULL,
    produk_item_id bigint NOT NULL,
    user_id integer NOT NULL
);


ALTER TABLE public.toko_orderprodukitem OWNER TO postgres;

--
-- TOC entry 251 (class 1259 OID 24868)
-- Name: toko_orderprodukitem_id_seq; Type: SEQUENCE; Schema: public; Owner: postgres
--

ALTER TABLE public.toko_orderprodukitem ALTER COLUMN id ADD GENERATED BY DEFAULT AS IDENTITY (
    SEQUENCE NAME public.toko_orderprodukitem_id_seq
    START WITH 1
    INCREMENT BY 1
    NO MINVALUE
    NO MAXVALUE
    CACHE 1
);


--
-- TOC entry 260 (class 1259 OID 24942)
-- Name: toko_payment; Type: TABLE; Schema: public; Owner: postgres
--

CREATE TABLE public.toko_payment (
    id bigint NOT NULL,
    amount double precision NOT NULL,
    "timestamp" timestamp with time zone NOT NULL,
    payment_option character varying(1) NOT NULL,
    charge_id character varying(50) NOT NULL,
    user_id integer
);


ALTER TABLE public.toko_payment OWNER TO postgres;

--
-- TOC entry 259 (class 1259 OID 24941)
-- Name: toko_payment_id_seq; Type: SEQUENCE; Schema: public; Owner: postgres
--

ALTER TABLE public.toko_payment ALTER COLUMN id ADD GENERATED BY DEFAULT AS IDENTITY (
    SEQUENCE NAME public.toko_payment_id_seq
    START WITH 1
    INCREMENT BY 1
    NO MINVALUE
    NO MAXVALUE
    CACHE 1
);


--
-- TOC entry 266 (class 1259 OID 25008)
-- Name: toko_produkimages; Type: TABLE; Schema: public; Owner: postgres
--

CREATE TABLE public.toko_produkimages (
    id bigint NOT NULL,
    produk_id bigint,
    images character varying(100) NOT NULL
);


ALTER TABLE public.toko_produkimages OWNER TO postgres;

--
-- TOC entry 265 (class 1259 OID 25007)
-- Name: toko_produkimages_id_seq; Type: SEQUENCE; Schema: public; Owner: postgres
--

ALTER TABLE public.toko_produkimages ALTER COLUMN id ADD GENERATED BY DEFAULT AS IDENTITY (
    SEQUENCE NAME public.toko_produkimages_id_seq
    START WITH 1
    INCREMENT BY 1
    NO MINVALUE
    NO MAXVALUE
    CACHE 1
);


--
-- TOC entry 250 (class 1259 OID 24858)
-- Name: toko_produkitem; Type: TABLE; Schema: public; Owner: postgres
--

CREATE TABLE public.toko_produkitem (
    id bigint NOT NULL,
    nama_produk character varying(100) NOT NULL,
    harga double precision NOT NULL,
    harga_diskon double precision,
    slug character varying(50) NOT NULL,
    deskripsi text NOT NULL,
    gambar character varying(100) NOT NULL,
    label character varying(11) NOT NULL,
    kategori character varying(2) NOT NULL,
    detail_produk text
);


ALTER TABLE public.toko_produkitem OWNER TO postgres;

--
-- TOC entry 249 (class 1259 OID 24857)
-- Name: toko_produkitem_id_seq; Type: SEQUENCE; Schema: public; Owner: postgres
--

ALTER TABLE public.toko_produkitem ALTER COLUMN id ADD GENERATED BY DEFAULT AS IDENTITY (
    SEQUENCE NAME public.toko_produkitem_id_seq
    START WITH 1
    INCREMENT BY 1
    NO MINVALUE
    NO MAXVALUE
    CACHE 1
);


--
-- TOC entry 264 (class 1259 OID 24971)
-- Name: toko_produkreview; Type: TABLE; Schema: public; Owner: postgres
--

CREATE TABLE public.toko_produkreview (
    id bigint NOT NULL,
    komentar text NOT NULL,
    produk_id bigint NOT NULL,
    user_id integer NOT NULL,
    rating character varying(2) NOT NULL,
    nama character varying(50) NOT NULL,
    publish timestamp with time zone NOT NULL,
    status boolean NOT NULL
);


ALTER TABLE public.toko_produkreview OWNER TO postgres;

--
-- TOC entry 263 (class 1259 OID 24970)
-- Name: toko_produkreview_id_seq; Type: SEQUENCE; Schema: public; Owner: postgres
--

ALTER TABLE public.toko_produkreview ALTER COLUMN id ADD GENERATED BY DEFAULT AS IDENTITY (
    SEQUENCE NAME public.toko_produkreview_id_seq
    START WITH 1
    INCREMENT BY 1
    NO MINVALUE
    NO MAXVALUE
    CACHE 1
);


--
-- TOC entry 3615 (class 0 OID 24686)
-- Dependencies: 231
-- Data for Name: account_emailaddress; Type: TABLE DATA; Schema: public; Owner: postgres
--

COPY public.account_emailaddress (id, email, verified, "primary", user_id) FROM stdin;
\.


--
-- TOC entry 3617 (class 0 OID 24694)
-- Dependencies: 233
-- Data for Name: account_emailconfirmation; Type: TABLE DATA; Schema: public; Owner: postgres
--

COPY public.account_emailconfirmation (id, created, sent, key, email_address_id) FROM stdin;
\.


--
-- TOC entry 3605 (class 0 OID 24600)
-- Dependencies: 221
-- Data for Name: auth_group; Type: TABLE DATA; Schema: public; Owner: postgres
--

COPY public.auth_group (id, name) FROM stdin;
\.


--
-- TOC entry 3607 (class 0 OID 24608)
-- Dependencies: 223
-- Data for Name: auth_group_permissions; Type: TABLE DATA; Schema: public; Owner: postgres
--

COPY public.auth_group_permissions (id, group_id, permission_id) FROM stdin;
\.


--
-- TOC entry 3603 (class 0 OID 24594)
-- Dependencies: 219
-- Data for Name: auth_permission; Type: TABLE DATA; Schema: public; Owner: postgres
--

COPY public.auth_permission (id, name, content_type_id, codename) FROM stdin;
\.


--
-- TOC entry 3609 (class 0 OID 24614)
-- Dependencies: 225
-- Data for Name: auth_user; Type: TABLE DATA; Schema: public; Owner: postgres
--

COPY public.auth_user (id, password, last_login, is_superuser, username, first_name, last_name, email, is_staff, is_active, date_joined) FROM stdin;
1	pbkdf2_sha256$600000$2gPEPiyP7St2XaEU8r6wtk$EPyZi7w+k5nWNX+7gcCI9JwGn04SlzjFU+fqnXwgjJo=	2023-06-08 23:13:17.135222+07	t	admin			admin@gmail.com	t	t	2023-06-08 18:23:56.29651+07
\.


--
-- TOC entry 3611 (class 0 OID 24622)
-- Dependencies: 227
-- Data for Name: auth_user_groups; Type: TABLE DATA; Schema: public; Owner: postgres
--

COPY public.auth_user_groups (id, user_id, group_id) FROM stdin;
\.


--
-- TOC entry 3613 (class 0 OID 24628)
-- Dependencies: 229
-- Data for Name: auth_user_user_permissions; Type: TABLE DATA; Schema: public; Owner: postgres
--

COPY public.auth_user_user_permissions (id, user_id, permission_id) FROM stdin;
\.


--
-- TOC entry 3619 (class 0 OID 24719)
-- Dependencies: 235
-- Data for Name: django_admin_log; Type: TABLE DATA; Schema: public; Owner: postgres
--

COPY public.django_admin_log (id, action_time, object_id, object_repr, action_flag, change_message, content_type_id, user_id) FROM stdin;
1	2023-06-08 18:43:14.55198+07	1	Loose Shirt - Rp. 129900,-	1	[{"added": {}}]	1	1
2	2023-06-08 18:44:23.088151+07	2	Flared skirt - Rp. 89999,-	1	[{"added": {}}]	1	1
3	2023-06-08 18:45:07.497524+07	3	Middle Skirt Suede - Rp. 57000,-	1	[{"added": {}}]	1	1
4	2023-06-08 18:46:08.529571+07	4	Dress 7/8 - Rp. 130000,-	1	[{"added": {}}]	1	1
5	2023-06-08 18:47:00.778704+07	5	Meccanism Lyra Skirt - Rp. 76900,-	1	[{"added": {}}]	1	1
6	2023-06-08 18:47:57.795865+07	6	Hollow Heard Metal Pop - Rp. 150000,-	1	[{"added": {}}]	1	1
7	2023-06-08 18:48:38.614153+07	7	Bridal Veil Vintage - Rp. 300000,-	1	[{"added": {}}]	1	1
8	2023-06-08 18:49:26.436645+07	8	Wrisswatch - Rp. 300000,-	1	[{"added": {}}]	1	1
9	2023-06-08 18:50:14.673712+07	9	Sepatu Bot Wanita Vintage - Rp. 800000,-	1	[{"added": {}}]	1	1
10	2023-06-08 18:50:53.739529+07	10	Sepatu Beroangga - Rp. 200000,-	1	[{"added": {}}]	1	1
11	2023-06-08 18:51:41.584068+07	11	Tas Anyaman Vintage - Rp. 400000,-	1	[{"added": {}}]	1	1
12	2023-06-08 18:52:26.178421+07	12	Tas Kulit Vintage - Rp. 450000,-	1	[{"added": {}}]	1	1
13	2023-06-08 18:52:55.595962+07	10	Sepatu Beroangga - Rp. 200000,-	2	[{"changed": {"fields": ["Label"]}}]	1	1
14	2023-06-08 18:53:16.088053+07	2	Flared skirt - Rp. 89999,-	2	[{"changed": {"fields": ["Label"]}}]	1	1
15	2023-06-08 18:55:50.223581+07	1	Loose Shirt - Rp. 129900,-	2	[{"changed": {"fields": ["Detail produk"]}}, {"added": {"name": "produk images", "object": "Gambar Produk Loose Shirt - Rp. 129900,-"}}, {"added": {"name": "produk images", "object": "Gambar Produk Loose Shirt - Rp. 129900,-"}}, {"added": {"name": "produk images", "object": "Gambar Produk Loose Shirt - Rp. 129900,-"}}]	1	1
16	2023-06-08 18:58:21.067678+07	1	Loose Shirt - Rp. 129900,-	2	[]	1	1
17	2023-06-08 19:00:41.625354+07	2	Flared skirt - Rp. 89999,-	2	[{"changed": {"fields": ["Detail produk"]}}, {"added": {"name": "produk images", "object": "Gambar Produk Flared skirt - Rp. 89999,-"}}, {"added": {"name": "produk images", "object": "Gambar Produk Flared skirt - Rp. 89999,-"}}, {"added": {"name": "produk images", "object": "Gambar Produk Flared skirt - Rp. 89999,-"}}]	1	1
18	2023-06-08 19:08:33.881962+07	12	Tas Kulit Vintage - Rp. 450000,-	2	[{"changed": {"fields": ["Detail produk"]}}, {"added": {"name": "produk images", "object": "Gambar Produk Tas Kulit Vintage - Rp. 450000,-"}}]	1	1
19	2023-06-08 19:09:03.564856+07	12	Tas Kulit Vintage - Rp. 450000.0,-	3		1	1
20	2023-06-08 19:13:50.446311+07	13	Tas Kulit Vintage - Rp. 450000,-	1	[{"added": {}}, {"added": {"name": "produk images", "object": "Gambar Produk Tas Kulit Vintage - Rp. 450000,-"}}, {"added": {"name": "produk images", "object": "Gambar Produk Tas Kulit Vintage - Rp. 450000,-"}}, {"added": {"name": "produk images", "object": "Gambar Produk Tas Kulit Vintage - Rp. 450000,-"}}]	1	1
21	2023-06-08 19:19:36.424254+07	10	Sepatu Sandal Vntage - Rp. 200000,-	2	[{"changed": {"fields": ["Nama produk", "Slug", "Deskripsi", "Detail produk"]}}, {"added": {"name": "produk images", "object": "Gambar Produk Sepatu Sandal Vntage - Rp. 200000,-"}}, {"added": {"name": "produk images", "object": "Gambar Produk Sepatu Sandal Vntage - Rp. 200000,-"}}, {"added": {"name": "produk images", "object": "Gambar Produk Sepatu Sandal Vntage - Rp. 200000,-"}}]	1	1
22	2023-06-08 19:22:14.919981+07	13	Tas Kulit Vintage - Rp. 450000,-	2	[{"changed": {"fields": ["Kategori"]}}]	1	1
23	2023-06-08 19:22:20.029845+07	11	Tas Anyaman Vintage - Rp. 400000,-	2	[{"changed": {"fields": ["Kategori"]}}]	1	1
24	2023-06-08 19:22:32.900925+07	6	Hollow Heard Metal Pop - Rp. 150000,-	2	[{"changed": {"fields": ["Kategori"]}}]	1	1
25	2023-06-08 19:22:40.394904+07	7	Bridal Veil Vintage - Rp. 300000,-	2	[{"changed": {"fields": ["Kategori"]}}]	1	1
26	2023-06-08 19:22:48.24685+07	8	Wrisswatch - Rp. 300000,-	2	[{"changed": {"fields": ["Kategori"]}}]	1	1
27	2023-06-08 19:25:42.288408+07	14	Sepatu Klasik Vintage - Rp. 2000000,-	1	[{"added": {}}, {"added": {"name": "produk images", "object": "Gambar Produk Sepatu Klasik Vintage - Rp. 2000000,-"}}, {"added": {"name": "produk images", "object": "Gambar Produk Sepatu Klasik Vintage - Rp. 2000000,-"}}, {"added": {"name": "produk images", "object": "Gambar Produk Sepatu Klasik Vintage - Rp. 2000000,-"}}]	1	1
28	2023-06-08 19:26:51.040508+07	9	Sepatu Bot Wanita Vintage - Rp. 400000,-	2	[{"changed": {"fields": ["Harga", "Harga diskon"]}}]	1	1
29	2023-06-08 19:27:26.452462+07	3	Middle Skirt Suede - Rp. 45000,-	2	[{"changed": {"fields": ["Harga"]}}]	1	1
30	2023-06-08 19:28:00.592391+07	8	Wrisswatch - Rp. 100000,-	2	[{"changed": {"fields": ["Harga", "Harga diskon"]}}]	1	1
31	2023-06-08 19:28:22.212447+07	7	Bridal Veil Vintage - Rp. 30000,-	2	[{"changed": {"fields": ["Harga"]}}]	1	1
32	2023-06-08 19:31:32.341497+07	15	Tas Selempang Vintange - Rp. 180000,-	1	[{"added": {}}, {"added": {"name": "produk images", "object": "Gambar Produk Tas Selempang Vintange - Rp. 180000,-"}}, {"added": {"name": "produk images", "object": "Gambar Produk Tas Selempang Vintange - Rp. 180000,-"}}, {"added": {"name": "produk images", "object": "Gambar Produk Tas Selempang Vintange - Rp. 180000,-"}}]	1	1
\.


--
-- TOC entry 3601 (class 0 OID 24586)
-- Dependencies: 217
-- Data for Name: django_content_type; Type: TABLE DATA; Schema: public; Owner: postgres
--

COPY public.django_content_type (id, app_label, model) FROM stdin;
1	toko	produkitem
\.


--
-- TOC entry 3599 (class 0 OID 24578)
-- Dependencies: 215
-- Data for Name: django_migrations; Type: TABLE DATA; Schema: public; Owner: postgres
--

COPY public.django_migrations (id, app, name, applied) FROM stdin;
1	contenttypes	0001_initial	2023-06-08 18:22:46.794215+07
2	auth	0001_initial	2023-06-08 18:22:47.617225+07
3	account	0001_initial	2023-06-08 18:22:48.574796+07
4	account	0002_email_max_length	2023-06-08 18:22:48.613774+07
5	admin	0001_initial	2023-06-08 18:22:49.154581+07
6	admin	0002_logentry_remove_auto_add	2023-06-08 18:22:49.212377+07
7	admin	0003_logentry_add_action_flag_choices	2023-06-08 18:22:49.232365+07
8	contenttypes	0002_remove_content_type_name	2023-06-08 18:22:49.262353+07
9	auth	0002_alter_permission_name_max_length	2023-06-08 18:22:49.277343+07
10	auth	0003_alter_user_email_max_length	2023-06-08 18:22:49.291334+07
11	auth	0004_alter_user_username_opts	2023-06-08 18:22:49.304326+07
12	auth	0005_alter_user_last_login_null	2023-06-08 18:22:49.555436+07
13	auth	0006_require_contenttypes_0002	2023-06-08 18:22:49.559435+07
14	auth	0007_alter_validators_add_error_messages	2023-06-08 18:22:49.575421+07
15	auth	0008_alter_user_username_max_length	2023-06-08 18:22:49.613136+07
16	auth	0009_alter_user_last_name_max_length	2023-06-08 18:22:49.630501+07
17	auth	0010_alter_group_name_max_length	2023-06-08 18:22:49.833423+07
18	auth	0011_update_proxy_permissions	2023-06-08 18:22:49.848413+07
19	auth	0012_alter_user_first_name_max_length	2023-06-08 18:22:49.861421+07
20	ipn	0001_initial	2023-06-08 18:22:50.292742+07
21	ipn	0002_paypalipn_mp_id	2023-06-08 18:22:50.322936+07
22	ipn	0003_auto_20141117_1647	2023-06-08 18:22:50.46162+07
23	ipn	0004_auto_20150612_1826	2023-06-08 18:22:50.676357+07
24	ipn	0005_auto_20151217_0948	2023-06-08 18:22:50.699515+07
25	ipn	0006_auto_20160108_1112	2023-06-08 18:22:50.727496+07
26	ipn	0007_auto_20160219_1135	2023-06-08 18:22:50.744508+07
27	ipn	0008_auto_20181128_1032	2023-06-08 18:22:50.759865+07
28	ipn	0009_alter_paypalipn_id	2023-06-08 18:22:50.891132+07
29	sessions	0001_initial	2023-06-08 18:22:51.037577+07
30	sites	0001_initial	2023-06-08 18:22:51.072207+07
31	sites	0002_alter_domain_unique	2023-06-08 18:22:51.12223+07
32	socialaccount	0001_initial	2023-06-08 18:22:51.583172+07
33	socialaccount	0002_token_max_lengths	2023-06-08 18:22:51.635954+07
34	socialaccount	0003_extra_data_default_dict	2023-06-08 18:22:51.650355+07
35	toko	0001_initial	2023-06-08 18:22:51.832322+07
36	toko	0002_alter_produkitem_label	2023-06-08 18:22:51.838198+07
37	toko	0003_orderprodukitem_order	2023-06-08 18:22:52.201373+07
38	toko	0004_rename_produkitem_order_produkitems	2023-06-08 18:22:52.220145+07
39	toko	0005_rename_produkitem_orderprodukitem_produk_item	2023-06-08 18:22:52.259136+07
40	toko	0006_rename_produkitems_order_produk_items	2023-06-08 18:22:52.276511+07
41	toko	0007_alamatpengiriman_order_alamat_pengiriman	2023-06-08 18:22:52.407442+07
42	toko	0008_alter_alamatpengiriman_options_payment_order_payment	2023-06-08 18:22:52.553127+07
43	toko	0009_kategori_alter_produkitem_label	2023-06-08 18:22:52.668842+07
44	toko	0010_alter_kategori_slug_alter_produkitem_label_and_more	2023-06-08 18:22:52.880406+07
45	toko	0011_remove_produkreview_ratting_produkreview_rating	2023-06-08 18:22:52.917217+07
46	toko	0012_rename_produk_item_produkreview_produk_and_more	2023-06-08 18:22:53.257671+07
47	toko	0013_alter_produkreview_options_produkreview_name_and_more	2023-06-08 18:22:53.437989+07
48	toko	0014_rename_name_produkreview_nama	2023-06-08 18:22:53.460668+07
49	toko	0015_rename_produkreview_comment_and_more	2023-06-08 18:22:53.52498+07
50	toko	0016_alter_comment_produk	2023-06-08 18:22:53.551777+07
51	toko	0017_rename_comment_produkreview_and_more	2023-06-08 18:22:53.616303+07
52	toko	0018_alter_produkreview_produk	2023-06-08 18:22:53.644287+07
53	toko	0019_produkimages	2023-06-08 18:22:53.734547+07
54	toko	0020_alter_produkimages_options_alter_produkimages_produk	2023-06-08 18:22:53.776843+07
55	toko	0021_remove_produkimages_gambar_produkimages_images	2023-06-08 18:22:53.794792+07
56	toko	0022_produkitem_detail_produk	2023-06-08 18:22:53.805543+07
57	toko	0023_alter_payment_amount	2023-06-08 18:22:53.883888+07
58	toko	0024_alter_payment_amount_alter_produkitem_harga_and_more	2023-06-08 18:22:54.240813+07
\.


--
-- TOC entry 3622 (class 0 OID 24773)
-- Dependencies: 238
-- Data for Name: django_session; Type: TABLE DATA; Schema: public; Owner: postgres
--

COPY public.django_session (session_key, session_data, expire_date) FROM stdin;
erjrxksov1sy4jmy5y06wz6j3831aw0q	.eJxVjk0KwyAYRO_iOgQ1_1l23zPIFx0bm6BBE2gpvXsrZNFu58085sUUHfusjoSonGEjE6z4zSbSC3wG5k7-Fkod_B7dVOZKedJUXoPBejm7f4KZ0vxdW0I72KHlqEWvdQfLW9mArLFTXQ9coiE0lYWs6l5q200ECIhGag7ObZYmpOSCV3hsLj7ZyAu2h51WtcVgjkUZtyCSzz_ZKN8fsHxK_A:1q7IOi:-TvtNARvLMwz9Lu8OS0e76tUOnsGaOEs2Lgos9wtzqE	2023-06-22 23:22:04.905733+07
\.


--
-- TOC entry 3624 (class 0 OID 24783)
-- Dependencies: 240
-- Data for Name: django_site; Type: TABLE DATA; Schema: public; Owner: postgres
--

COPY public.django_site (id, domain, name) FROM stdin;
1	foo.com	foo.com
\.


--
-- TOC entry 3621 (class 0 OID 24748)
-- Dependencies: 237
-- Data for Name: paypal_ipn; Type: TABLE DATA; Schema: public; Owner: postgres
--

COPY public.paypal_ipn (id, business, charset, custom, notify_version, parent_txn_id, receiver_email, receiver_id, residence_country, test_ipn, txn_id, txn_type, verify_sign, address_country, address_city, address_country_code, address_name, address_state, address_status, address_street, address_zip, contact_phone, first_name, last_name, payer_business_name, payer_email, payer_id, auth_amount, auth_exp, auth_id, auth_status, exchange_rate, invoice, item_name, item_number, mc_currency, mc_fee, mc_gross, mc_handling, mc_shipping, memo, num_cart_items, option_name1, option_name2, payer_status, payment_date, payment_gross, payment_status, payment_type, pending_reason, protection_eligibility, quantity, reason_code, remaining_settle, settle_amount, settle_currency, shipping, shipping_method, tax, transaction_entity, auction_buyer_id, auction_closing_date, auction_multi_item, for_auction, amount, amount_per_cycle, initial_payment_amount, next_payment_date, outstanding_balance, payment_cycle, period_type, product_name, product_type, profile_status, recurring_payment_id, rp_invoice_id, time_created, amount1, amount2, amount3, mc_amount1, mc_amount2, mc_amount3, password, period1, period2, period3, reattempt, recur_times, recurring, retry_at, subscr_date, subscr_effective, subscr_id, username, case_creation_date, case_id, case_type, receipt_id, currency_code, handling_amount, transaction_subject, ipaddress, flag, flag_code, flag_info, query, response, created_at, updated_at, from_view, mp_id, option_selection1, option_selection2) FROM stdin;
\.


--
-- TOC entry 3626 (class 0 OID 24792)
-- Dependencies: 242
-- Data for Name: socialaccount_socialaccount; Type: TABLE DATA; Schema: public; Owner: postgres
--

COPY public.socialaccount_socialaccount (id, provider, uid, last_login, date_joined, extra_data, user_id) FROM stdin;
\.


--
-- TOC entry 3628 (class 0 OID 24800)
-- Dependencies: 244
-- Data for Name: socialaccount_socialapp; Type: TABLE DATA; Schema: public; Owner: postgres
--

COPY public.socialaccount_socialapp (id, provider, name, client_id, secret, key) FROM stdin;
\.


--
-- TOC entry 3630 (class 0 OID 24806)
-- Dependencies: 246
-- Data for Name: socialaccount_socialapp_sites; Type: TABLE DATA; Schema: public; Owner: postgres
--

COPY public.socialaccount_socialapp_sites (id, socialapp_id, site_id) FROM stdin;
\.


--
-- TOC entry 3632 (class 0 OID 24812)
-- Dependencies: 248
-- Data for Name: socialaccount_socialtoken; Type: TABLE DATA; Schema: public; Owner: postgres
--

COPY public.socialaccount_socialtoken (id, token, token_secret, expires_at, account_id, app_id) FROM stdin;
\.


--
-- TOC entry 3642 (class 0 OID 24924)
-- Dependencies: 258
-- Data for Name: toko_alamatpengiriman; Type: TABLE DATA; Schema: public; Owner: postgres
--

COPY public.toko_alamatpengiriman (id, alamat_1, alamat_2, negara, kode_pos, user_id) FROM stdin;
1	jln kenangan	Blok 45	AL	0000	1
2	jln kenangan	Blok 45	AL	0000	1
3	Jalan jalan	block C5	AO	010101	1
\.


--
-- TOC entry 3646 (class 0 OID 24960)
-- Dependencies: 262
-- Data for Name: toko_kategori; Type: TABLE DATA; Schema: public; Owner: postgres
--

COPY public.toko_kategori (id, nama_kategori, slug) FROM stdin;
\.


--
-- TOC entry 3638 (class 0 OID 24875)
-- Dependencies: 254
-- Data for Name: toko_order; Type: TABLE DATA; Schema: public; Owner: postgres
--

COPY public.toko_order (id, tanggal_mulai, tanggal_order, ordered, user_id, alamat_pengiriman_id, payment_id) FROM stdin;
1	2023-06-08 19:35:30.207522+07	2023-06-08 19:35:30.207522+07	t	1	2	1
2	2023-06-08 23:21:56.170766+07	2023-06-08 23:21:56.170766+07	t	1	3	2
\.


--
-- TOC entry 3640 (class 0 OID 24881)
-- Dependencies: 256
-- Data for Name: toko_order_produk_items; Type: TABLE DATA; Schema: public; Owner: postgres
--

COPY public.toko_order_produk_items (id, order_id, orderprodukitem_id) FROM stdin;
2	1	2
4	1	4
5	2	5
6	2	6
\.


--
-- TOC entry 3636 (class 0 OID 24869)
-- Dependencies: 252
-- Data for Name: toko_orderprodukitem; Type: TABLE DATA; Schema: public; Owner: postgres
--

COPY public.toko_orderprodukitem (id, ordered, quantity, produk_item_id, user_id) FROM stdin;
2	t	1	4	1
3	t	1	2	1
4	t	3	6	1
5	t	4	5	1
6	t	2	6	1
\.


--
-- TOC entry 3644 (class 0 OID 24942)
-- Dependencies: 260
-- Data for Name: toko_payment; Type: TABLE DATA; Schema: public; Owner: postgres
--

COPY public.toko_payment (id, amount, "timestamp", payment_option, charge_id, user_id) FROM stdin;
1	551000	2023-06-08 23:21:01.883306+07	P	1-2023-06-08 16:21:01.883306+00:00	1
2	577220	2023-06-08 23:24:45.949832+07	S	2-2023-06-08 16:24:45.949832+00:00	1
\.


--
-- TOC entry 3650 (class 0 OID 25008)
-- Dependencies: 266
-- Data for Name: toko_produkimages; Type: TABLE DATA; Schema: public; Owner: postgres
--

COPY public.toko_produkimages (id, produk_id, images) FROM stdin;
1	1	product-images/sg-11134201-22100-wtafid7g0tiv8c.jpg
2	1	product-images/premium_airflow_crincle__zoraf_1685253643_dab5e301_progressive.jpg
3	1	product-images/premium_airflow_crincle__zoraf_1685253773_3ed370bc_progressive.jpg
4	2	product-images/66962489_8f19dd3f-3387-4f1a-bccc-46a0862a522f_787_787.jpg
5	2	product-images/05b5f07c-f25a-4012-8795-08b878f74502.jpg
6	2	product-images/87cb329e37d80cfdd763816ebbc59e68.jpg
7	\N	product-images/images.jpg
8	13	product-images/images_1.jpg
9	13	product-images/images_oGsEqO3.jpg
10	13	product-images/A.jpg
11	10	product-images/images_2.jpg
12	10	product-images/b.jpg
13	10	product-images/c.jpg
14	14	product-images/images_5.jpg
15	14	product-images/images_4.jpg
16	14	product-images/images_3.jpg
17	15	product-images/data.jpeg
18	15	product-images/images_6.jpg
19	15	product-images/d5390f23dee7afa355052617cc62b7bf.jpg
\.


--
-- TOC entry 3634 (class 0 OID 24858)
-- Dependencies: 250
-- Data for Name: toko_produkitem; Type: TABLE DATA; Schema: public; Owner: postgres
--

COPY public.toko_produkitem (id, nama_produk, harga, harga_diskon, slug, deskripsi, gambar, label, kategori, detail_produk) FROM stdin;
4	Dress 7/8	130000	123500	dress-78	Dress 7/8 yang pernah menjadi tren busana di masanya ini sangat cocok dipadukan dengan heels dan aksesoris vintage. Salah satu di antaranya adalah Lombang Batik 7/8 Dress Wanita. Dress dengan desain chic berbahan tafeta berkualitas dengan aksen bordir dan payet serta dilengkapi resleting belakang	product_pics/004-Dress_7-8.jpg	SALE	P	Dress 7/8 yang pernah menjadi tren busana di masanya ini sangat cocok dipadukan dengan heels dan aksesoris vintage. Salah satu di antaranya adalah Lombang Batik 7/8 Dress Wanita. Dress dengan desain chic berbahan tafeta berkualitas dengan aksen bordir dan payet serta dilengkapi resleting belakang
5	Meccanism Lyra Skirt	76900	73055	meccanism-lyra-skirt	Rok dengan motif garis-garis besar dipadukan dengan kemeja putih, sepatu hak tinggi, dan tambahan belt kecil bisa membuat tampilan makin elegan dalam acara formal. Meccanism Lyra Skirt, rok motif garis dengan bahan spandex texture, ukuran all size dengan harga Rp 270.000 di Hijup bisa menjadi salah satu pilihan menarik.	product_pics/005-Meccanism_Lyra_Skirt.jpg	SALE	P	Rok dengan motif garis-garis besar dipadukan dengan kemeja putih, sepatu hak tinggi, dan tambahan belt kecil bisa membuat tampilan makin elegan dalam acara formal. Meccanism Lyra Skirt, rok motif garis dengan bahan spandex texture, ukuran all size dengan harga Rp 270.000 di Hijup bisa menjadi salah satu pilihan menarik.
6	Hollow Heard Metal Pop	150000	142500	hollow-heard-metal-pop	Hollow Heard Metal Pop adalah sebuah aksesori perhiasan yang terbuat dari logam berkualitas tinggi dengan desain yang unik dan menarik. Pop metal berlubang pada produk ini memberikan tampilan yang segar dan modern. Cocok untuk dipakai pada acara formal maupun santai untuk menambahkan sentuhan gaya yang kreatif.	product_pics/006_-_hollow_heard__metal_pop.jpg	SALE	A	Hollow Heard Metal Pop adalah sebuah aksesori perhiasan yang terbuat dari logam berkualitas tinggi dengan desain yang unik dan menarik. Pop metal berlubang pada produk ini memberikan tampilan yang segar dan modern. Cocok untuk dipakai pada acara formal maupun santai untuk menambahkan sentuhan gaya yang kreatif.
2	Flared skirt	89999	58499	flared-skirt	Flared skirt atau rok A-Line di bawah lutut dengan bagian bawah mengembang merupakan salah satu bawahan yang cocok untuk gaya vintage. Rok ini juga sangat cocok ditambah dengan kaos.	product_pics/002-Flared_skirt.jpg	SALE	P	Warna, panjang, dan desain rok flare dapat bervariasi. Ada rok flare dengan motif cetak yang cerah dan berani, serta rok dengan warna solid yang lebih netral. Panjang rok juga dapat bervariasi, mulai dari mini hingga midi atau maxi, tergantung pada preferensi pribadi.
1	Loose Shirt	129900	123405	loose-shirt	Loose shirt adalah pakaian yang dirancang dengan potongan yang longgar dan tidak ketat di sekitar tubuh. Ini adalah kaus yang memberikanmu tampilan yang santai dan effortless, sementara tetap terlihat stylish. Ketika kamu mengenakan loose shirt, kamu akan merasakan sensasi keleluasaan dan kenyamanan sepanjang hari.	product_pics/001-Loose_Shirt_erj1BNa.jpg	SALE	P	Desain dan warna kemeja longgar dapat bervariasi, dan banyak merek dan toko pakaian menyediakan berbagai pilihan untuk dipilih sesuai dengan selera pribadi. Jika Anda mencari kemeja longgar dengan detail atau fitur tertentu, saya sarankan mencari di toko pakaian atau situs web belanja online yang menawarkan berbagai pilihan produk pakaian
7	Bridal Veil Vintage	30000	\N	bridal-veil-vintage	Bridal Veil Vintage adalah sebuah vel pengantin yang dirancang secara khusus dengan gaya dan estetika vintage yang elegan. Terbuat dari bahan berkualitas tinggi dengan detail renda dan bordir yang indah, vel pengantin ini akan menambahkan pesona dan keanggunan pada hari pernikahan Anda.	product_pics/007_-_bridal_veil.jpg	BEST	A	Bridal Veil Vintage adalah sebuah vel pengantin yang dirancang secara khusus dengan gaya dan estetika vintage yang elegan. Terbuat dari bahan berkualitas tinggi dengan detail renda dan bordir yang indah, vel pengantin ini akan menambahkan pesona dan keanggunan pada hari pernikahan Anda.
9	Sepatu Bot Wanita Vintage	400000	360000	sepatu-bot-wanita-vintage	Sepatu Bot Wanita Vintage adalah sepatu wanita yang terinspirasi dari desain vintage yang klasik dan elegan. Terbuat dari bahan sintetis berkualitas tinggi dengan detail brokat dan aksen vintage yang indah, sepatu ini memberikan kenyamanan dan gaya yang timeless.	product_pics/009_-_sepatu_bot_wanita.jpg	NEW	S	Sepatu Bot Wanita Vintage adalah sepatu wanita yang terinspirasi dari desain vintage yang klasik dan elegan. Terbuat dari bahan sintetis berkualitas tinggi dengan detail brokat dan aksen vintage yang indah, sepatu ini memberikan kenyamanan dan gaya yang timeless.
3	Middle Skirt Suede	45000	\N	middle-skirt-suede	Mid-length skirt, atau yang sering disebut sebagai midi skirt, adalah jenis rok yang panjangnya berada di antara panjang rok pendek dan rok panjang. Rok ini memberikan tampilan yang elegan dan feminin, sering kali cocok untuk berbagai kesempatan. Midi skirt dapat datang dalam berbagai potongan, termasuk potongan lurus, potongan A-line, dan potongan melambai. Bahan dan pola yang digunakan juga bervariasi, mulai dari kain satin yang mewah hingga denim yang kasual.	product_pics/003_-_Midi_Skirttt.jpg	BEST	P	Mid-length skirt, atau yang sering disebut sebagai midi skirt, adalah jenis rok yang panjangnya berada di antara panjang rok pendek dan rok panjang. Rok ini memberikan tampilan yang elegan dan feminin, sering kali cocok untuk berbagai kesempatan. Midi skirt dapat datang dalam berbagai potongan, termasuk potongan lurus, potongan A-line, dan potongan melambai. Bahan dan pola yang digunakan juga bervariasi, mulai dari kain satin yang mewah hingga denim yang kasual.
8	Wrisswatch	100000	95000	wrisswatch	Wrisswatch adalah jam tangan yang didesain khusus untuk tampilan yang trendi dan kasual. Terbuat dari bahan tahan lama dengan tali kulit berkualitas tinggi dan dial dengan desain minimalis. Wrisswatch memberikan presisi waktu dan gaya yang cocok untuk segal	product_pics/008_-_wrisswatch.jpeg	BEST	A	Wrisswatch adalah jam tangan yang didesain khusus untuk tampilan yang trendi dan kasual. Terbuat dari bahan tahan lama dengan tali kulit berkualitas tinggi dan dial dengan desain minimalis. Wrisswatch memberikan presisi waktu dan gaya yang cocok untuk segal
10	Sepatu Sandal Vntage	200000	\N	Sepatu-sandal-vintage	Sepatu sandal vintage adalah sepatu kanvas casual dengan gaya yang kreatif dan unik. Terbuat dari bahan kanvas yang ringan dan nyaman dengan desain yang cerah dan menarik. Cocok untuk digunakan dalam aktivitas sehari-hari, sepatu ini akan menambahkan kesenangan dan gaya pada penampilan Anda.	product_pics/010_-_sepatu_berongga.jpg	SALE	S	Sepatu sandal vintage bisa terbuat dari berbagai jenis bahan, termasuk kulit, suede, kanvas, atau bahan sintetis. Kulit asli sering digunakan pada sandal vintage untuk memberikan kekuatan dan daya tahan yang baik serta mempertahankan penampilan yang klasik.
13	Tas Kulit Vintage	450000	427500	tas-kulit-vintage	Tas Kulit Vintage adalah tas yang terbuat dari kulit asli dengan desain vintage yang elegan dan tahan lama. Tas ini memiliki ruang yang cukup untuk menyimpan barang-barang penting Anda dan dilengkapi dengan tali bahu yang nyaman. Cocok untuk digunakan dalam acara formal atau sehari-hari, tas kulit vintage ini akan menambahkan sentuhan kemewahan pada penampilan Anda.	product_pics/images_1.jpg	SALE	T	Tas ini terbuat dari kulit asli, yang memberikan kekuatan, ketahanan, dan keindahan alami pada tas tersebut. Kulit yang digunakan mungkin beragam, termasuk kulit sapi, kulit domba, atau kulit kambing, dengan varian yang berbeda dalam hal tekstur, ketebalan, dan tampilan.
11	Tas Anyaman Vintage	400000	380000	tas-anyaman-vintage	Tas Anyaman Vintage adalah tas yang terbuat dari anyaman tangan yang indah dengan gaya vintage yang timeless. Terbuat dari bahan alami berkualitas tinggi, tas ini memiliki desain yang unik dan tahan lama. Cocok untuk digunakan sehari-hari atau acara santai, tas anyaman ini akan menambahkan sentuhan alami dan gaya pada penampilan Anda.	product_pics/011_-_tas_anyaman.jpg	SALE	T	Tas Anyaman Vintage adalah tas yang terbuat dari anyaman tangan yang indah dengan gaya vintage yang timeless. Terbuat dari bahan alami berkualitas tinggi, tas ini memiliki desain yang unik dan tahan lama. Cocok untuk digunakan sehari-hari atau acara santai, tas anyaman ini akan menambahkan sentuhan alami dan gaya pada penampilan Anda.
14	Sepatu Klasik Vintage	2000000	179000	sepatu-klasik-vintage	Sepatu klasik vintage adalah sepatu yang mengambil inspirasi dari desain dan gaya sepatu yang populer pada era masa lampau, seperti tahun 1920-an hingga 1970-an. Mereka memiliki karakteristik klasik yang mencerminkan estetika retro, dan sering kali terbuat dari bahan berkualitas tinggi seperti kulit asli.	product_pics/download_1.jpg	BEST	S	Sepatu klasik vintage biasanya terbuat dari kulit asli yang berkualitas tinggi. Kulit asli memberikan kekuatan, keawetan, dan penampilan yang klasik pada sepatu. Kulit sapi atau kulit domba sering digunakan untuk membuat sepatu klasik vintage.
15	Tas Selempang Vintange	180000	\N	tas-selempang-vintange	Tas selempang vintage adalah tas yang terinspirasi oleh desain dan gaya tas selempang dari era masa lampau, seperti tahun 1920-an hingga 1970-an. Tas ini menampilkan estetika retro dengan detail dan karakteristik klasik yang mencerminkan era yang lebih lama. Mereka sering terbuat dari bahan kulit asli atau bahan kanvas yang berkualitas tinggi.	product_pics/data.jpeg	NEW	T	Tas selempang vintage dapat terbuat dari kulit asli atau bahan kanvas yang berkualitas tinggi. Tas selempang kulit vintage sering menggunakan kulit sapi atau kulit domba yang memberikan kekuatan, ketahanan, dan penampilan yang klasik. Tas selempang kanvas vintage biasanya terbuat dari bahan kanvas yang kuat dan tahan lama.
\.


--
-- TOC entry 3648 (class 0 OID 24971)
-- Dependencies: 264
-- Data for Name: toko_produkreview; Type: TABLE DATA; Schema: public; Owner: postgres
--

COPY public.toko_produkreview (id, komentar, produk_id, user_id, rating, nama, publish, status) FROM stdin;
1	"Kemeja ini adalah pilihan sempurna untuk musim panas! Linennya ringan dan memberikan sirkulasi udara yang baik sehingga tetap nyaman bahkan dalam cuaca panas. Saya suka warna-warna pastelnya yang cerah, memberikan tampilan yang segar dan menyenangkan."	1	1	4	Mawar	2023-06-09 01:57:29.729529+07	t
2	"Saya suka tampilan kasual namun stylish dari kemeja longgar ini. Denimnya memberikan kesan yang kokoh, dan detail jahitan pada kemeja ini memberikan sentuhan yang unik. Bisa dipadukan dengan celana jeans atau rok untuk tampilan yang keren."	1	1	1	Siti	2023-06-09 01:57:46.325936+07	t
3	"Kemeja ini begitu feminin dan anggun! Bahan chiffonnya sangat nyaman dan terasa ringan di kulit. Motif floralnya juga cantik dan memberikan sentuhan romantis pada tampilan saya. Cocok untuk acara santai atau bahkan untuk pesta."	1	1	1	Rara	2023-06-09 01:58:01.460506+07	t
4	"Saya sangat menyukai rok flare ini! Bahan katunnya ringan dan nyaman, dan potongan flare memberikan tampilan yang feminin dan anggun. Saya bisa memadukannya dengan berbagai atasan untuk menciptakan tampilan yang serbaguna. Sangat direkomendasikan!"	2	1	5	Sasa	2023-06-09 02:02:40.503575+07	t
5	"Rok flare ini benar-benar menarik perhatian! Saya suka desainnya yang unik dengan aksen kancing di depan. Bahan denimnya memberikan tampilan yang kasual namun tetap stylish. Rok ini menjadi favorit saya untuk tampilan sehari-hari yang trendi."	2	1	1	Wiwi	2023-06-09 02:02:55.294374+07	t
6	"Saya sangat senang dengan tas kulit vintage ini! Kulitnya berkualitas tinggi dan terlihat begitu anggun. Saya suka detail dan ornamennya yang klasik, memberikan sentuhan retro yang saya cari. Tas ini juga cukup ruang untuk membawa barang-barang saya sehari-hari. Sangat puas dengan pembelian saya!"	13	1	4	Dara	2023-06-09 02:14:38.297025+07	t
7	"Meskipun tas kulit vintage ini memiliki desain yang cantik, saya merasa bahwa kualitas kulitnya tidak sesuai harapan. Setelah beberapa waktu penggunaan, ada beberapa noda dan retakan pada bagian tertentu. Saya harap kualitasnya akan lebih baik mengingat harganya yang cukup tinggi."	13	1	1	Qata	2023-06-09 02:14:55.941589+07	t
8	loream	4	1	4	Wiwi	2023-06-09 02:35:08.12654+07	t
\.


--
-- TOC entry 3656 (class 0 OID 0)
-- Dependencies: 230
-- Name: account_emailaddress_id_seq; Type: SEQUENCE SET; Schema: public; Owner: postgres
--

SELECT pg_catalog.setval('public.account_emailaddress_id_seq', 1, false);


--
-- TOC entry 3657 (class 0 OID 0)
-- Dependencies: 232
-- Name: account_emailconfirmation_id_seq; Type: SEQUENCE SET; Schema: public; Owner: postgres
--

SELECT pg_catalog.setval('public.account_emailconfirmation_id_seq', 1, false);


--
-- TOC entry 3658 (class 0 OID 0)
-- Dependencies: 220
-- Name: auth_group_id_seq; Type: SEQUENCE SET; Schema: public; Owner: postgres
--

SELECT pg_catalog.setval('public.auth_group_id_seq', 1, false);


--
-- TOC entry 3659 (class 0 OID 0)
-- Dependencies: 222
-- Name: auth_group_permissions_id_seq; Type: SEQUENCE SET; Schema: public; Owner: postgres
--

SELECT pg_catalog.setval('public.auth_group_permissions_id_seq', 1, false);


--
-- TOC entry 3660 (class 0 OID 0)
-- Dependencies: 218
-- Name: auth_permission_id_seq; Type: SEQUENCE SET; Schema: public; Owner: postgres
--

SELECT pg_catalog.setval('public.auth_permission_id_seq', 1, false);


--
-- TOC entry 3661 (class 0 OID 0)
-- Dependencies: 226
-- Name: auth_user_groups_id_seq; Type: SEQUENCE SET; Schema: public; Owner: postgres
--

SELECT pg_catalog.setval('public.auth_user_groups_id_seq', 1, false);


--
-- TOC entry 3662 (class 0 OID 0)
-- Dependencies: 224
-- Name: auth_user_id_seq; Type: SEQUENCE SET; Schema: public; Owner: postgres
--

SELECT pg_catalog.setval('public.auth_user_id_seq', 1, true);


--
-- TOC entry 3663 (class 0 OID 0)
-- Dependencies: 228
-- Name: auth_user_user_permissions_id_seq; Type: SEQUENCE SET; Schema: public; Owner: postgres
--

SELECT pg_catalog.setval('public.auth_user_user_permissions_id_seq', 1, false);


--
-- TOC entry 3664 (class 0 OID 0)
-- Dependencies: 234
-- Name: django_admin_log_id_seq; Type: SEQUENCE SET; Schema: public; Owner: postgres
--

SELECT pg_catalog.setval('public.django_admin_log_id_seq', 32, true);


--
-- TOC entry 3665 (class 0 OID 0)
-- Dependencies: 216
-- Name: django_content_type_id_seq; Type: SEQUENCE SET; Schema: public; Owner: postgres
--

SELECT pg_catalog.setval('public.django_content_type_id_seq', 1, true);


--
-- TOC entry 3666 (class 0 OID 0)
-- Dependencies: 214
-- Name: django_migrations_id_seq; Type: SEQUENCE SET; Schema: public; Owner: postgres
--

SELECT pg_catalog.setval('public.django_migrations_id_seq', 58, true);


--
-- TOC entry 3667 (class 0 OID 0)
-- Dependencies: 239
-- Name: django_site_id_seq; Type: SEQUENCE SET; Schema: public; Owner: postgres
--

SELECT pg_catalog.setval('public.django_site_id_seq', 1, true);


--
-- TOC entry 3668 (class 0 OID 0)
-- Dependencies: 236
-- Name: paypal_ipn_id_seq; Type: SEQUENCE SET; Schema: public; Owner: postgres
--

SELECT pg_catalog.setval('public.paypal_ipn_id_seq', 1, false);


--
-- TOC entry 3669 (class 0 OID 0)
-- Dependencies: 241
-- Name: socialaccount_socialaccount_id_seq; Type: SEQUENCE SET; Schema: public; Owner: postgres
--

SELECT pg_catalog.setval('public.socialaccount_socialaccount_id_seq', 1, false);


--
-- TOC entry 3670 (class 0 OID 0)
-- Dependencies: 243
-- Name: socialaccount_socialapp_id_seq; Type: SEQUENCE SET; Schema: public; Owner: postgres
--

SELECT pg_catalog.setval('public.socialaccount_socialapp_id_seq', 1, false);


--
-- TOC entry 3671 (class 0 OID 0)
-- Dependencies: 245
-- Name: socialaccount_socialapp_sites_id_seq; Type: SEQUENCE SET; Schema: public; Owner: postgres
--

SELECT pg_catalog.setval('public.socialaccount_socialapp_sites_id_seq', 1, false);


--
-- TOC entry 3672 (class 0 OID 0)
-- Dependencies: 247
-- Name: socialaccount_socialtoken_id_seq; Type: SEQUENCE SET; Schema: public; Owner: postgres
--

SELECT pg_catalog.setval('public.socialaccount_socialtoken_id_seq', 1, false);


--
-- TOC entry 3673 (class 0 OID 0)
-- Dependencies: 257
-- Name: toko_alamatpengiriman_id_seq; Type: SEQUENCE SET; Schema: public; Owner: postgres
--

SELECT pg_catalog.setval('public.toko_alamatpengiriman_id_seq', 3, true);


--
-- TOC entry 3674 (class 0 OID 0)
-- Dependencies: 261
-- Name: toko_kategori_id_seq; Type: SEQUENCE SET; Schema: public; Owner: postgres
--

SELECT pg_catalog.setval('public.toko_kategori_id_seq', 1, false);


--
-- TOC entry 3675 (class 0 OID 0)
-- Dependencies: 253
-- Name: toko_order_id_seq; Type: SEQUENCE SET; Schema: public; Owner: postgres
--

SELECT pg_catalog.setval('public.toko_order_id_seq', 2, true);


--
-- TOC entry 3676 (class 0 OID 0)
-- Dependencies: 255
-- Name: toko_order_produkItem_id_seq; Type: SEQUENCE SET; Schema: public; Owner: postgres
--

SELECT pg_catalog.setval('public."toko_order_produkItem_id_seq"', 6, true);


--
-- TOC entry 3677 (class 0 OID 0)
-- Dependencies: 251
-- Name: toko_orderprodukitem_id_seq; Type: SEQUENCE SET; Schema: public; Owner: postgres
--

SELECT pg_catalog.setval('public.toko_orderprodukitem_id_seq', 6, true);


--
-- TOC entry 3678 (class 0 OID 0)
-- Dependencies: 259
-- Name: toko_payment_id_seq; Type: SEQUENCE SET; Schema: public; Owner: postgres
--

SELECT pg_catalog.setval('public.toko_payment_id_seq', 2, true);


--
-- TOC entry 3679 (class 0 OID 0)
-- Dependencies: 265
-- Name: toko_produkimages_id_seq; Type: SEQUENCE SET; Schema: public; Owner: postgres
--

SELECT pg_catalog.setval('public.toko_produkimages_id_seq', 19, true);


--
-- TOC entry 3680 (class 0 OID 0)
-- Dependencies: 249
-- Name: toko_produkitem_id_seq; Type: SEQUENCE SET; Schema: public; Owner: postgres
--

SELECT pg_catalog.setval('public.toko_produkitem_id_seq', 15, true);


--
-- TOC entry 3681 (class 0 OID 0)
-- Dependencies: 263
-- Name: toko_produkreview_id_seq; Type: SEQUENCE SET; Schema: public; Owner: postgres
--

SELECT pg_catalog.setval('public.toko_produkreview_id_seq', 8, true);


--
-- TOC entry 3344 (class 2606 OID 24716)
-- Name: account_emailaddress account_emailaddress_email_key; Type: CONSTRAINT; Schema: public; Owner: postgres
--

ALTER TABLE ONLY public.account_emailaddress
    ADD CONSTRAINT account_emailaddress_email_key UNIQUE (email);


--
-- TOC entry 3346 (class 2606 OID 24690)
-- Name: account_emailaddress account_emailaddress_pkey; Type: CONSTRAINT; Schema: public; Owner: postgres
--

ALTER TABLE ONLY public.account_emailaddress
    ADD CONSTRAINT account_emailaddress_pkey PRIMARY KEY (id);


--
-- TOC entry 3351 (class 2606 OID 24700)
-- Name: account_emailconfirmation account_emailconfirmation_key_key; Type: CONSTRAINT; Schema: public; Owner: postgres
--

ALTER TABLE ONLY public.account_emailconfirmation
    ADD CONSTRAINT account_emailconfirmation_key_key UNIQUE (key);


--
-- TOC entry 3353 (class 2606 OID 24698)
-- Name: account_emailconfirmation account_emailconfirmation_pkey; Type: CONSTRAINT; Schema: public; Owner: postgres
--

ALTER TABLE ONLY public.account_emailconfirmation
    ADD CONSTRAINT account_emailconfirmation_pkey PRIMARY KEY (id);


--
-- TOC entry 3316 (class 2606 OID 24745)
-- Name: auth_group auth_group_name_key; Type: CONSTRAINT; Schema: public; Owner: postgres
--

ALTER TABLE ONLY public.auth_group
    ADD CONSTRAINT auth_group_name_key UNIQUE (name);


--
-- TOC entry 3321 (class 2606 OID 24643)
-- Name: auth_group_permissions auth_group_permissions_group_id_permission_id_0cd325b0_uniq; Type: CONSTRAINT; Schema: public; Owner: postgres
--

ALTER TABLE ONLY public.auth_group_permissions
    ADD CONSTRAINT auth_group_permissions_group_id_permission_id_0cd325b0_uniq UNIQUE (group_id, permission_id);


--
-- TOC entry 3324 (class 2606 OID 24612)
-- Name: auth_group_permissions auth_group_permissions_pkey; Type: CONSTRAINT; Schema: public; Owner: postgres
--

ALTER TABLE ONLY public.auth_group_permissions
    ADD CONSTRAINT auth_group_permissions_pkey PRIMARY KEY (id);


--
-- TOC entry 3318 (class 2606 OID 24604)
-- Name: auth_group auth_group_pkey; Type: CONSTRAINT; Schema: public; Owner: postgres
--

ALTER TABLE ONLY public.auth_group
    ADD CONSTRAINT auth_group_pkey PRIMARY KEY (id);


--
-- TOC entry 3311 (class 2606 OID 24634)
-- Name: auth_permission auth_permission_content_type_id_codename_01ab375a_uniq; Type: CONSTRAINT; Schema: public; Owner: postgres
--

ALTER TABLE ONLY public.auth_permission
    ADD CONSTRAINT auth_permission_content_type_id_codename_01ab375a_uniq UNIQUE (content_type_id, codename);


--
-- TOC entry 3313 (class 2606 OID 24598)
-- Name: auth_permission auth_permission_pkey; Type: CONSTRAINT; Schema: public; Owner: postgres
--

ALTER TABLE ONLY public.auth_permission
    ADD CONSTRAINT auth_permission_pkey PRIMARY KEY (id);


--
-- TOC entry 3332 (class 2606 OID 24626)
-- Name: auth_user_groups auth_user_groups_pkey; Type: CONSTRAINT; Schema: public; Owner: postgres
--

ALTER TABLE ONLY public.auth_user_groups
    ADD CONSTRAINT auth_user_groups_pkey PRIMARY KEY (id);


--
-- TOC entry 3335 (class 2606 OID 24658)
-- Name: auth_user_groups auth_user_groups_user_id_group_id_94350c0c_uniq; Type: CONSTRAINT; Schema: public; Owner: postgres
--

ALTER TABLE ONLY public.auth_user_groups
    ADD CONSTRAINT auth_user_groups_user_id_group_id_94350c0c_uniq UNIQUE (user_id, group_id);


--
-- TOC entry 3326 (class 2606 OID 24618)
-- Name: auth_user auth_user_pkey; Type: CONSTRAINT; Schema: public; Owner: postgres
--

ALTER TABLE ONLY public.auth_user
    ADD CONSTRAINT auth_user_pkey PRIMARY KEY (id);


--
-- TOC entry 3338 (class 2606 OID 24632)
-- Name: auth_user_user_permissions auth_user_user_permissions_pkey; Type: CONSTRAINT; Schema: public; Owner: postgres
--

ALTER TABLE ONLY public.auth_user_user_permissions
    ADD CONSTRAINT auth_user_user_permissions_pkey PRIMARY KEY (id);


--
-- TOC entry 3341 (class 2606 OID 24672)
-- Name: auth_user_user_permissions auth_user_user_permissions_user_id_permission_id_14a6b632_uniq; Type: CONSTRAINT; Schema: public; Owner: postgres
--

ALTER TABLE ONLY public.auth_user_user_permissions
    ADD CONSTRAINT auth_user_user_permissions_user_id_permission_id_14a6b632_uniq UNIQUE (user_id, permission_id);


--
-- TOC entry 3329 (class 2606 OID 24740)
-- Name: auth_user auth_user_username_key; Type: CONSTRAINT; Schema: public; Owner: postgres
--

ALTER TABLE ONLY public.auth_user
    ADD CONSTRAINT auth_user_username_key UNIQUE (username);


--
-- TOC entry 3356 (class 2606 OID 24726)
-- Name: django_admin_log django_admin_log_pkey; Type: CONSTRAINT; Schema: public; Owner: postgres
--

ALTER TABLE ONLY public.django_admin_log
    ADD CONSTRAINT django_admin_log_pkey PRIMARY KEY (id);


--
-- TOC entry 3306 (class 2606 OID 24592)
-- Name: django_content_type django_content_type_app_label_model_76bd3d3b_uniq; Type: CONSTRAINT; Schema: public; Owner: postgres
--

ALTER TABLE ONLY public.django_content_type
    ADD CONSTRAINT django_content_type_app_label_model_76bd3d3b_uniq UNIQUE (app_label, model);


--
-- TOC entry 3308 (class 2606 OID 24590)
-- Name: django_content_type django_content_type_pkey; Type: CONSTRAINT; Schema: public; Owner: postgres
--

ALTER TABLE ONLY public.django_content_type
    ADD CONSTRAINT django_content_type_pkey PRIMARY KEY (id);


--
-- TOC entry 3304 (class 2606 OID 24584)
-- Name: django_migrations django_migrations_pkey; Type: CONSTRAINT; Schema: public; Owner: postgres
--

ALTER TABLE ONLY public.django_migrations
    ADD CONSTRAINT django_migrations_pkey PRIMARY KEY (id);


--
-- TOC entry 3364 (class 2606 OID 24779)
-- Name: django_session django_session_pkey; Type: CONSTRAINT; Schema: public; Owner: postgres
--

ALTER TABLE ONLY public.django_session
    ADD CONSTRAINT django_session_pkey PRIMARY KEY (session_key);


--
-- TOC entry 3368 (class 2606 OID 24789)
-- Name: django_site django_site_domain_a2e37b91_uniq; Type: CONSTRAINT; Schema: public; Owner: postgres
--

ALTER TABLE ONLY public.django_site
    ADD CONSTRAINT django_site_domain_a2e37b91_uniq UNIQUE (domain);


--
-- TOC entry 3370 (class 2606 OID 24787)
-- Name: django_site django_site_pkey; Type: CONSTRAINT; Schema: public; Owner: postgres
--

ALTER TABLE ONLY public.django_site
    ADD CONSTRAINT django_site_pkey PRIMARY KEY (id);


--
-- TOC entry 3359 (class 2606 OID 24763)
-- Name: paypal_ipn paypal_ipn_pkey; Type: CONSTRAINT; Schema: public; Owner: postgres
--

ALTER TABLE ONLY public.paypal_ipn
    ADD CONSTRAINT paypal_ipn_pkey PRIMARY KEY (id);


--
-- TOC entry 3372 (class 2606 OID 24798)
-- Name: socialaccount_socialaccount socialaccount_socialaccount_pkey; Type: CONSTRAINT; Schema: public; Owner: postgres
--

ALTER TABLE ONLY public.socialaccount_socialaccount
    ADD CONSTRAINT socialaccount_socialaccount_pkey PRIMARY KEY (id);


--
-- TOC entry 3374 (class 2606 OID 24822)
-- Name: socialaccount_socialaccount socialaccount_socialaccount_provider_uid_fc810c6e_uniq; Type: CONSTRAINT; Schema: public; Owner: postgres
--

ALTER TABLE ONLY public.socialaccount_socialaccount
    ADD CONSTRAINT socialaccount_socialaccount_provider_uid_fc810c6e_uniq UNIQUE (provider, uid);


--
-- TOC entry 3379 (class 2606 OID 24830)
-- Name: socialaccount_socialapp_sites socialaccount_socialapp__socialapp_id_site_id_71a9a768_uniq; Type: CONSTRAINT; Schema: public; Owner: postgres
--

ALTER TABLE ONLY public.socialaccount_socialapp_sites
    ADD CONSTRAINT socialaccount_socialapp__socialapp_id_site_id_71a9a768_uniq UNIQUE (socialapp_id, site_id);


--
-- TOC entry 3377 (class 2606 OID 24804)
-- Name: socialaccount_socialapp socialaccount_socialapp_pkey; Type: CONSTRAINT; Schema: public; Owner: postgres
--

ALTER TABLE ONLY public.socialaccount_socialapp
    ADD CONSTRAINT socialaccount_socialapp_pkey PRIMARY KEY (id);


--
-- TOC entry 3381 (class 2606 OID 24810)
-- Name: socialaccount_socialapp_sites socialaccount_socialapp_sites_pkey; Type: CONSTRAINT; Schema: public; Owner: postgres
--

ALTER TABLE ONLY public.socialaccount_socialapp_sites
    ADD CONSTRAINT socialaccount_socialapp_sites_pkey PRIMARY KEY (id);


--
-- TOC entry 3387 (class 2606 OID 24820)
-- Name: socialaccount_socialtoken socialaccount_socialtoken_app_id_account_id_fca4e0ac_uniq; Type: CONSTRAINT; Schema: public; Owner: postgres
--

ALTER TABLE ONLY public.socialaccount_socialtoken
    ADD CONSTRAINT socialaccount_socialtoken_app_id_account_id_fca4e0ac_uniq UNIQUE (app_id, account_id);


--
-- TOC entry 3389 (class 2606 OID 24818)
-- Name: socialaccount_socialtoken socialaccount_socialtoken_pkey; Type: CONSTRAINT; Schema: public; Owner: postgres
--

ALTER TABLE ONLY public.socialaccount_socialtoken
    ADD CONSTRAINT socialaccount_socialtoken_pkey PRIMARY KEY (id);


--
-- TOC entry 3411 (class 2606 OID 24928)
-- Name: toko_alamatpengiriman toko_alamatpengiriman_pkey; Type: CONSTRAINT; Schema: public; Owner: postgres
--

ALTER TABLE ONLY public.toko_alamatpengiriman
    ADD CONSTRAINT toko_alamatpengiriman_pkey PRIMARY KEY (id);


--
-- TOC entry 3417 (class 2606 OID 24964)
-- Name: toko_kategori toko_kategori_pkey; Type: CONSTRAINT; Schema: public; Owner: postgres
--

ALTER TABLE ONLY public.toko_kategori
    ADD CONSTRAINT toko_kategori_pkey PRIMARY KEY (id);


--
-- TOC entry 3420 (class 2606 OID 24968)
-- Name: toko_kategori toko_kategori_slug_10d4b05c_uniq; Type: CONSTRAINT; Schema: public; Owner: postgres
--

ALTER TABLE ONLY public.toko_kategori
    ADD CONSTRAINT toko_kategori_slug_10d4b05c_uniq UNIQUE (slug);


--
-- TOC entry 3402 (class 2606 OID 24879)
-- Name: toko_order toko_order_pkey; Type: CONSTRAINT; Schema: public; Owner: postgres
--

ALTER TABLE ONLY public.toko_order
    ADD CONSTRAINT toko_order_pkey PRIMARY KEY (id);


--
-- TOC entry 3406 (class 2606 OID 24905)
-- Name: toko_order_produk_items toko_order_produkItem_order_id_orderprodukitem_id_17143c35_uniq; Type: CONSTRAINT; Schema: public; Owner: postgres
--

ALTER TABLE ONLY public.toko_order_produk_items
    ADD CONSTRAINT "toko_order_produkItem_order_id_orderprodukitem_id_17143c35_uniq" UNIQUE (order_id, orderprodukitem_id);


--
-- TOC entry 3409 (class 2606 OID 24885)
-- Name: toko_order_produk_items toko_order_produkItem_pkey; Type: CONSTRAINT; Schema: public; Owner: postgres
--

ALTER TABLE ONLY public.toko_order_produk_items
    ADD CONSTRAINT "toko_order_produkItem_pkey" PRIMARY KEY (id);


--
-- TOC entry 3396 (class 2606 OID 24873)
-- Name: toko_orderprodukitem toko_orderprodukitem_pkey; Type: CONSTRAINT; Schema: public; Owner: postgres
--

ALTER TABLE ONLY public.toko_orderprodukitem
    ADD CONSTRAINT toko_orderprodukitem_pkey PRIMARY KEY (id);


--
-- TOC entry 3414 (class 2606 OID 24946)
-- Name: toko_payment toko_payment_pkey; Type: CONSTRAINT; Schema: public; Owner: postgres
--

ALTER TABLE ONLY public.toko_payment
    ADD CONSTRAINT toko_payment_pkey PRIMARY KEY (id);


--
-- TOC entry 3426 (class 2606 OID 25012)
-- Name: toko_produkimages toko_produkimages_pkey; Type: CONSTRAINT; Schema: public; Owner: postgres
--

ALTER TABLE ONLY public.toko_produkimages
    ADD CONSTRAINT toko_produkimages_pkey PRIMARY KEY (id);


--
-- TOC entry 3391 (class 2606 OID 24864)
-- Name: toko_produkitem toko_produkitem_pkey; Type: CONSTRAINT; Schema: public; Owner: postgres
--

ALTER TABLE ONLY public.toko_produkitem
    ADD CONSTRAINT toko_produkitem_pkey PRIMARY KEY (id);


--
-- TOC entry 3394 (class 2606 OID 24866)
-- Name: toko_produkitem toko_produkitem_slug_key; Type: CONSTRAINT; Schema: public; Owner: postgres
--

ALTER TABLE ONLY public.toko_produkitem
    ADD CONSTRAINT toko_produkitem_slug_key UNIQUE (slug);


--
-- TOC entry 3422 (class 2606 OID 24977)
-- Name: toko_produkreview toko_produkreview_pkey; Type: CONSTRAINT; Schema: public; Owner: postgres
--

ALTER TABLE ONLY public.toko_produkreview
    ADD CONSTRAINT toko_produkreview_pkey PRIMARY KEY (id);


--
-- TOC entry 3342 (class 1259 OID 24717)
-- Name: account_emailaddress_email_03be32b2_like; Type: INDEX; Schema: public; Owner: postgres
--

CREATE INDEX account_emailaddress_email_03be32b2_like ON public.account_emailaddress USING btree (email varchar_pattern_ops);


--
-- TOC entry 3347 (class 1259 OID 24707)
-- Name: account_emailaddress_user_id_2c513194; Type: INDEX; Schema: public; Owner: postgres
--

CREATE INDEX account_emailaddress_user_id_2c513194 ON public.account_emailaddress USING btree (user_id);


--
-- TOC entry 3348 (class 1259 OID 24714)
-- Name: account_emailconfirmation_email_address_id_5b7f8c58; Type: INDEX; Schema: public; Owner: postgres
--

CREATE INDEX account_emailconfirmation_email_address_id_5b7f8c58 ON public.account_emailconfirmation USING btree (email_address_id);


--
-- TOC entry 3349 (class 1259 OID 24713)
-- Name: account_emailconfirmation_key_f43612bd_like; Type: INDEX; Schema: public; Owner: postgres
--

CREATE INDEX account_emailconfirmation_key_f43612bd_like ON public.account_emailconfirmation USING btree (key varchar_pattern_ops);


--
-- TOC entry 3314 (class 1259 OID 24746)
-- Name: auth_group_name_a6ea08ec_like; Type: INDEX; Schema: public; Owner: postgres
--

CREATE INDEX auth_group_name_a6ea08ec_like ON public.auth_group USING btree (name varchar_pattern_ops);


--
-- TOC entry 3319 (class 1259 OID 24654)
-- Name: auth_group_permissions_group_id_b120cbf9; Type: INDEX; Schema: public; Owner: postgres
--

CREATE INDEX auth_group_permissions_group_id_b120cbf9 ON public.auth_group_permissions USING btree (group_id);


--
-- TOC entry 3322 (class 1259 OID 24655)
-- Name: auth_group_permissions_permission_id_84c5c92e; Type: INDEX; Schema: public; Owner: postgres
--

CREATE INDEX auth_group_permissions_permission_id_84c5c92e ON public.auth_group_permissions USING btree (permission_id);


--
-- TOC entry 3309 (class 1259 OID 24640)
-- Name: auth_permission_content_type_id_2f476e4b; Type: INDEX; Schema: public; Owner: postgres
--

CREATE INDEX auth_permission_content_type_id_2f476e4b ON public.auth_permission USING btree (content_type_id);


--
-- TOC entry 3330 (class 1259 OID 24670)
-- Name: auth_user_groups_group_id_97559544; Type: INDEX; Schema: public; Owner: postgres
--

CREATE INDEX auth_user_groups_group_id_97559544 ON public.auth_user_groups USING btree (group_id);


--
-- TOC entry 3333 (class 1259 OID 24669)
-- Name: auth_user_groups_user_id_6a12ed8b; Type: INDEX; Schema: public; Owner: postgres
--

CREATE INDEX auth_user_groups_user_id_6a12ed8b ON public.auth_user_groups USING btree (user_id);


--
-- TOC entry 3336 (class 1259 OID 24684)
-- Name: auth_user_user_permissions_permission_id_1fbb5f2c; Type: INDEX; Schema: public; Owner: postgres
--

CREATE INDEX auth_user_user_permissions_permission_id_1fbb5f2c ON public.auth_user_user_permissions USING btree (permission_id);


--
-- TOC entry 3339 (class 1259 OID 24683)
-- Name: auth_user_user_permissions_user_id_a95ead1b; Type: INDEX; Schema: public; Owner: postgres
--

CREATE INDEX auth_user_user_permissions_user_id_a95ead1b ON public.auth_user_user_permissions USING btree (user_id);


--
-- TOC entry 3327 (class 1259 OID 24741)
-- Name: auth_user_username_6821ab7c_like; Type: INDEX; Schema: public; Owner: postgres
--

CREATE INDEX auth_user_username_6821ab7c_like ON public.auth_user USING btree (username varchar_pattern_ops);


--
-- TOC entry 3354 (class 1259 OID 24737)
-- Name: django_admin_log_content_type_id_c4bce8eb; Type: INDEX; Schema: public; Owner: postgres
--

CREATE INDEX django_admin_log_content_type_id_c4bce8eb ON public.django_admin_log USING btree (content_type_id);


--
-- TOC entry 3357 (class 1259 OID 24738)
-- Name: django_admin_log_user_id_c564eba6; Type: INDEX; Schema: public; Owner: postgres
--

CREATE INDEX django_admin_log_user_id_c564eba6 ON public.django_admin_log USING btree (user_id);


--
-- TOC entry 3362 (class 1259 OID 24781)
-- Name: django_session_expire_date_a5c62663; Type: INDEX; Schema: public; Owner: postgres
--

CREATE INDEX django_session_expire_date_a5c62663 ON public.django_session USING btree (expire_date);


--
-- TOC entry 3365 (class 1259 OID 24780)
-- Name: django_session_session_key_c0390e0f_like; Type: INDEX; Schema: public; Owner: postgres
--

CREATE INDEX django_session_session_key_c0390e0f_like ON public.django_session USING btree (session_key varchar_pattern_ops);


--
-- TOC entry 3366 (class 1259 OID 24790)
-- Name: django_site_domain_a2e37b91_like; Type: INDEX; Schema: public; Owner: postgres
--

CREATE INDEX django_site_domain_a2e37b91_like ON public.django_site USING btree (domain varchar_pattern_ops);


--
-- TOC entry 3360 (class 1259 OID 24757)
-- Name: paypal_ipn_txn_id_8fa22c44; Type: INDEX; Schema: public; Owner: postgres
--

CREATE INDEX paypal_ipn_txn_id_8fa22c44 ON public.paypal_ipn USING btree (txn_id);


--
-- TOC entry 3361 (class 1259 OID 24758)
-- Name: paypal_ipn_txn_id_8fa22c44_like; Type: INDEX; Schema: public; Owner: postgres
--

CREATE INDEX paypal_ipn_txn_id_8fa22c44_like ON public.paypal_ipn USING btree (txn_id varchar_pattern_ops);


--
-- TOC entry 3375 (class 1259 OID 24828)
-- Name: socialaccount_socialaccount_user_id_8146e70c; Type: INDEX; Schema: public; Owner: postgres
--

CREATE INDEX socialaccount_socialaccount_user_id_8146e70c ON public.socialaccount_socialaccount USING btree (user_id);


--
-- TOC entry 3382 (class 1259 OID 24842)
-- Name: socialaccount_socialapp_sites_site_id_2579dee5; Type: INDEX; Schema: public; Owner: postgres
--

CREATE INDEX socialaccount_socialapp_sites_site_id_2579dee5 ON public.socialaccount_socialapp_sites USING btree (site_id);


--
-- TOC entry 3383 (class 1259 OID 24841)
-- Name: socialaccount_socialapp_sites_socialapp_id_97fb6e7d; Type: INDEX; Schema: public; Owner: postgres
--

CREATE INDEX socialaccount_socialapp_sites_socialapp_id_97fb6e7d ON public.socialaccount_socialapp_sites USING btree (socialapp_id);


--
-- TOC entry 3384 (class 1259 OID 24853)
-- Name: socialaccount_socialtoken_account_id_951f210e; Type: INDEX; Schema: public; Owner: postgres
--

CREATE INDEX socialaccount_socialtoken_account_id_951f210e ON public.socialaccount_socialtoken USING btree (account_id);


--
-- TOC entry 3385 (class 1259 OID 24854)
-- Name: socialaccount_socialtoken_app_id_636a42d7; Type: INDEX; Schema: public; Owner: postgres
--

CREATE INDEX socialaccount_socialtoken_app_id_636a42d7 ON public.socialaccount_socialtoken USING btree (app_id);


--
-- TOC entry 3412 (class 1259 OID 24939)
-- Name: toko_alamatpengiriman_user_id_0fa64d3c; Type: INDEX; Schema: public; Owner: postgres
--

CREATE INDEX toko_alamatpengiriman_user_id_0fa64d3c ON public.toko_alamatpengiriman USING btree (user_id);


--
-- TOC entry 3418 (class 1259 OID 24969)
-- Name: toko_kategori_slug_10d4b05c_like; Type: INDEX; Schema: public; Owner: postgres
--

CREATE INDEX toko_kategori_slug_10d4b05c_like ON public.toko_kategori USING btree (slug varchar_pattern_ops);


--
-- TOC entry 3399 (class 1259 OID 24940)
-- Name: toko_order_alamat_pengiriman_id_e1d86a9d; Type: INDEX; Schema: public; Owner: postgres
--

CREATE INDEX toko_order_alamat_pengiriman_id_e1d86a9d ON public.toko_order USING btree (alamat_pengiriman_id);


--
-- TOC entry 3400 (class 1259 OID 24958)
-- Name: toko_order_payment_id_eacf097a; Type: INDEX; Schema: public; Owner: postgres
--

CREATE INDEX toko_order_payment_id_eacf097a ON public.toko_order USING btree (payment_id);


--
-- TOC entry 3404 (class 1259 OID 24916)
-- Name: toko_order_produkItem_order_id_d1be9943; Type: INDEX; Schema: public; Owner: postgres
--

CREATE INDEX "toko_order_produkItem_order_id_d1be9943" ON public.toko_order_produk_items USING btree (order_id);


--
-- TOC entry 3407 (class 1259 OID 24917)
-- Name: toko_order_produkItem_orderprodukitem_id_5a80ee48; Type: INDEX; Schema: public; Owner: postgres
--

CREATE INDEX "toko_order_produkItem_orderprodukitem_id_5a80ee48" ON public.toko_order_produk_items USING btree (orderprodukitem_id);


--
-- TOC entry 3403 (class 1259 OID 24903)
-- Name: toko_order_user_id_db16d267; Type: INDEX; Schema: public; Owner: postgres
--

CREATE INDEX toko_order_user_id_db16d267 ON public.toko_order USING btree (user_id);


--
-- TOC entry 3397 (class 1259 OID 24896)
-- Name: toko_orderprodukitem_produkItem_id_6a04ce63; Type: INDEX; Schema: public; Owner: postgres
--

CREATE INDEX "toko_orderprodukitem_produkItem_id_6a04ce63" ON public.toko_orderprodukitem USING btree (produk_item_id);


--
-- TOC entry 3398 (class 1259 OID 24897)
-- Name: toko_orderprodukitem_user_id_0be4cb4f; Type: INDEX; Schema: public; Owner: postgres
--

CREATE INDEX toko_orderprodukitem_user_id_0be4cb4f ON public.toko_orderprodukitem USING btree (user_id);


--
-- TOC entry 3415 (class 1259 OID 24957)
-- Name: toko_payment_user_id_df0a8a52; Type: INDEX; Schema: public; Owner: postgres
--

CREATE INDEX toko_payment_user_id_df0a8a52 ON public.toko_payment USING btree (user_id);


--
-- TOC entry 3427 (class 1259 OID 25018)
-- Name: toko_produkimages_produk_id_b1969236; Type: INDEX; Schema: public; Owner: postgres
--

CREATE INDEX toko_produkimages_produk_id_b1969236 ON public.toko_produkimages USING btree (produk_id);


--
-- TOC entry 3392 (class 1259 OID 24867)
-- Name: toko_produkitem_slug_a06431e0_like; Type: INDEX; Schema: public; Owner: postgres
--

CREATE INDEX toko_produkitem_slug_a06431e0_like ON public.toko_produkitem USING btree (slug varchar_pattern_ops);


--
-- TOC entry 3423 (class 1259 OID 24988)
-- Name: toko_produkreview_produk_item_id_6729482f; Type: INDEX; Schema: public; Owner: postgres
--

CREATE INDEX toko_produkreview_produk_item_id_6729482f ON public.toko_produkreview USING btree (produk_id);


--
-- TOC entry 3424 (class 1259 OID 24989)
-- Name: toko_produkreview_user_id_e62d08e7; Type: INDEX; Schema: public; Owner: postgres
--

CREATE INDEX toko_produkreview_user_id_e62d08e7 ON public.toko_produkreview USING btree (user_id);


--
-- TOC entry 3435 (class 2606 OID 24701)
-- Name: account_emailaddress account_emailaddress_user_id_2c513194_fk_auth_user_id; Type: FK CONSTRAINT; Schema: public; Owner: postgres
--

ALTER TABLE ONLY public.account_emailaddress
    ADD CONSTRAINT account_emailaddress_user_id_2c513194_fk_auth_user_id FOREIGN KEY (user_id) REFERENCES public.auth_user(id) DEFERRABLE INITIALLY DEFERRED;


--
-- TOC entry 3436 (class 2606 OID 24708)
-- Name: account_emailconfirmation account_emailconfirm_email_address_id_5b7f8c58_fk_account_e; Type: FK CONSTRAINT; Schema: public; Owner: postgres
--

ALTER TABLE ONLY public.account_emailconfirmation
    ADD CONSTRAINT account_emailconfirm_email_address_id_5b7f8c58_fk_account_e FOREIGN KEY (email_address_id) REFERENCES public.account_emailaddress(id) DEFERRABLE INITIALLY DEFERRED;


--
-- TOC entry 3429 (class 2606 OID 24649)
-- Name: auth_group_permissions auth_group_permissio_permission_id_84c5c92e_fk_auth_perm; Type: FK CONSTRAINT; Schema: public; Owner: postgres
--

ALTER TABLE ONLY public.auth_group_permissions
    ADD CONSTRAINT auth_group_permissio_permission_id_84c5c92e_fk_auth_perm FOREIGN KEY (permission_id) REFERENCES public.auth_permission(id) DEFERRABLE INITIALLY DEFERRED;


--
-- TOC entry 3430 (class 2606 OID 24644)
-- Name: auth_group_permissions auth_group_permissions_group_id_b120cbf9_fk_auth_group_id; Type: FK CONSTRAINT; Schema: public; Owner: postgres
--

ALTER TABLE ONLY public.auth_group_permissions
    ADD CONSTRAINT auth_group_permissions_group_id_b120cbf9_fk_auth_group_id FOREIGN KEY (group_id) REFERENCES public.auth_group(id) DEFERRABLE INITIALLY DEFERRED;


--
-- TOC entry 3428 (class 2606 OID 24635)
-- Name: auth_permission auth_permission_content_type_id_2f476e4b_fk_django_co; Type: FK CONSTRAINT; Schema: public; Owner: postgres
--

ALTER TABLE ONLY public.auth_permission
    ADD CONSTRAINT auth_permission_content_type_id_2f476e4b_fk_django_co FOREIGN KEY (content_type_id) REFERENCES public.django_content_type(id) DEFERRABLE INITIALLY DEFERRED;


--
-- TOC entry 3431 (class 2606 OID 24664)
-- Name: auth_user_groups auth_user_groups_group_id_97559544_fk_auth_group_id; Type: FK CONSTRAINT; Schema: public; Owner: postgres
--

ALTER TABLE ONLY public.auth_user_groups
    ADD CONSTRAINT auth_user_groups_group_id_97559544_fk_auth_group_id FOREIGN KEY (group_id) REFERENCES public.auth_group(id) DEFERRABLE INITIALLY DEFERRED;


--
-- TOC entry 3432 (class 2606 OID 24659)
-- Name: auth_user_groups auth_user_groups_user_id_6a12ed8b_fk_auth_user_id; Type: FK CONSTRAINT; Schema: public; Owner: postgres
--

ALTER TABLE ONLY public.auth_user_groups
    ADD CONSTRAINT auth_user_groups_user_id_6a12ed8b_fk_auth_user_id FOREIGN KEY (user_id) REFERENCES public.auth_user(id) DEFERRABLE INITIALLY DEFERRED;


--
-- TOC entry 3433 (class 2606 OID 24678)
-- Name: auth_user_user_permissions auth_user_user_permi_permission_id_1fbb5f2c_fk_auth_perm; Type: FK CONSTRAINT; Schema: public; Owner: postgres
--

ALTER TABLE ONLY public.auth_user_user_permissions
    ADD CONSTRAINT auth_user_user_permi_permission_id_1fbb5f2c_fk_auth_perm FOREIGN KEY (permission_id) REFERENCES public.auth_permission(id) DEFERRABLE INITIALLY DEFERRED;


--
-- TOC entry 3434 (class 2606 OID 24673)
-- Name: auth_user_user_permissions auth_user_user_permissions_user_id_a95ead1b_fk_auth_user_id; Type: FK CONSTRAINT; Schema: public; Owner: postgres
--

ALTER TABLE ONLY public.auth_user_user_permissions
    ADD CONSTRAINT auth_user_user_permissions_user_id_a95ead1b_fk_auth_user_id FOREIGN KEY (user_id) REFERENCES public.auth_user(id) DEFERRABLE INITIALLY DEFERRED;


--
-- TOC entry 3437 (class 2606 OID 24727)
-- Name: django_admin_log django_admin_log_content_type_id_c4bce8eb_fk_django_co; Type: FK CONSTRAINT; Schema: public; Owner: postgres
--

ALTER TABLE ONLY public.django_admin_log
    ADD CONSTRAINT django_admin_log_content_type_id_c4bce8eb_fk_django_co FOREIGN KEY (content_type_id) REFERENCES public.django_content_type(id) DEFERRABLE INITIALLY DEFERRED;


--
-- TOC entry 3438 (class 2606 OID 24732)
-- Name: django_admin_log django_admin_log_user_id_c564eba6_fk_auth_user_id; Type: FK CONSTRAINT; Schema: public; Owner: postgres
--

ALTER TABLE ONLY public.django_admin_log
    ADD CONSTRAINT django_admin_log_user_id_c564eba6_fk_auth_user_id FOREIGN KEY (user_id) REFERENCES public.auth_user(id) DEFERRABLE INITIALLY DEFERRED;


--
-- TOC entry 3442 (class 2606 OID 24843)
-- Name: socialaccount_socialtoken socialaccount_social_account_id_951f210e_fk_socialacc; Type: FK CONSTRAINT; Schema: public; Owner: postgres
--

ALTER TABLE ONLY public.socialaccount_socialtoken
    ADD CONSTRAINT socialaccount_social_account_id_951f210e_fk_socialacc FOREIGN KEY (account_id) REFERENCES public.socialaccount_socialaccount(id) DEFERRABLE INITIALLY DEFERRED;


--
-- TOC entry 3443 (class 2606 OID 24848)
-- Name: socialaccount_socialtoken socialaccount_social_app_id_636a42d7_fk_socialacc; Type: FK CONSTRAINT; Schema: public; Owner: postgres
--

ALTER TABLE ONLY public.socialaccount_socialtoken
    ADD CONSTRAINT socialaccount_social_app_id_636a42d7_fk_socialacc FOREIGN KEY (app_id) REFERENCES public.socialaccount_socialapp(id) DEFERRABLE INITIALLY DEFERRED;


--
-- TOC entry 3440 (class 2606 OID 24836)
-- Name: socialaccount_socialapp_sites socialaccount_social_site_id_2579dee5_fk_django_si; Type: FK CONSTRAINT; Schema: public; Owner: postgres
--

ALTER TABLE ONLY public.socialaccount_socialapp_sites
    ADD CONSTRAINT socialaccount_social_site_id_2579dee5_fk_django_si FOREIGN KEY (site_id) REFERENCES public.django_site(id) DEFERRABLE INITIALLY DEFERRED;


--
-- TOC entry 3441 (class 2606 OID 24831)
-- Name: socialaccount_socialapp_sites socialaccount_social_socialapp_id_97fb6e7d_fk_socialacc; Type: FK CONSTRAINT; Schema: public; Owner: postgres
--

ALTER TABLE ONLY public.socialaccount_socialapp_sites
    ADD CONSTRAINT socialaccount_social_socialapp_id_97fb6e7d_fk_socialacc FOREIGN KEY (socialapp_id) REFERENCES public.socialaccount_socialapp(id) DEFERRABLE INITIALLY DEFERRED;


--
-- TOC entry 3439 (class 2606 OID 24823)
-- Name: socialaccount_socialaccount socialaccount_socialaccount_user_id_8146e70c_fk_auth_user_id; Type: FK CONSTRAINT; Schema: public; Owner: postgres
--

ALTER TABLE ONLY public.socialaccount_socialaccount
    ADD CONSTRAINT socialaccount_socialaccount_user_id_8146e70c_fk_auth_user_id FOREIGN KEY (user_id) REFERENCES public.auth_user(id) DEFERRABLE INITIALLY DEFERRED;


--
-- TOC entry 3451 (class 2606 OID 24934)
-- Name: toko_alamatpengiriman toko_alamatpengiriman_user_id_0fa64d3c_fk_auth_user_id; Type: FK CONSTRAINT; Schema: public; Owner: postgres
--

ALTER TABLE ONLY public.toko_alamatpengiriman
    ADD CONSTRAINT toko_alamatpengiriman_user_id_0fa64d3c_fk_auth_user_id FOREIGN KEY (user_id) REFERENCES public.auth_user(id) DEFERRABLE INITIALLY DEFERRED;


--
-- TOC entry 3446 (class 2606 OID 24929)
-- Name: toko_order toko_order_alamat_pengiriman_id_e1d86a9d_fk_toko_alam; Type: FK CONSTRAINT; Schema: public; Owner: postgres
--

ALTER TABLE ONLY public.toko_order
    ADD CONSTRAINT toko_order_alamat_pengiriman_id_e1d86a9d_fk_toko_alam FOREIGN KEY (alamat_pengiriman_id) REFERENCES public.toko_alamatpengiriman(id) DEFERRABLE INITIALLY DEFERRED;


--
-- TOC entry 3447 (class 2606 OID 24947)
-- Name: toko_order toko_order_payment_id_eacf097a_fk_toko_payment_id; Type: FK CONSTRAINT; Schema: public; Owner: postgres
--

ALTER TABLE ONLY public.toko_order
    ADD CONSTRAINT toko_order_payment_id_eacf097a_fk_toko_payment_id FOREIGN KEY (payment_id) REFERENCES public.toko_payment(id) DEFERRABLE INITIALLY DEFERRED;


--
-- TOC entry 3449 (class 2606 OID 24911)
-- Name: toko_order_produk_items toko_order_produkIte_orderprodukitem_id_5a80ee48_fk_toko_orde; Type: FK CONSTRAINT; Schema: public; Owner: postgres
--

ALTER TABLE ONLY public.toko_order_produk_items
    ADD CONSTRAINT "toko_order_produkIte_orderprodukitem_id_5a80ee48_fk_toko_orde" FOREIGN KEY (orderprodukitem_id) REFERENCES public.toko_orderprodukitem(id) DEFERRABLE INITIALLY DEFERRED;


--
-- TOC entry 3450 (class 2606 OID 24906)
-- Name: toko_order_produk_items toko_order_produkItem_order_id_d1be9943_fk_toko_order_id; Type: FK CONSTRAINT; Schema: public; Owner: postgres
--

ALTER TABLE ONLY public.toko_order_produk_items
    ADD CONSTRAINT "toko_order_produkItem_order_id_d1be9943_fk_toko_order_id" FOREIGN KEY (order_id) REFERENCES public.toko_order(id) DEFERRABLE INITIALLY DEFERRED;


--
-- TOC entry 3448 (class 2606 OID 24898)
-- Name: toko_order toko_order_user_id_db16d267_fk_auth_user_id; Type: FK CONSTRAINT; Schema: public; Owner: postgres
--

ALTER TABLE ONLY public.toko_order
    ADD CONSTRAINT toko_order_user_id_db16d267_fk_auth_user_id FOREIGN KEY (user_id) REFERENCES public.auth_user(id) DEFERRABLE INITIALLY DEFERRED;


--
-- TOC entry 3444 (class 2606 OID 24918)
-- Name: toko_orderprodukitem toko_orderprodukitem_produk_item_id_6ced4c1c_fk_toko_prod; Type: FK CONSTRAINT; Schema: public; Owner: postgres
--

ALTER TABLE ONLY public.toko_orderprodukitem
    ADD CONSTRAINT toko_orderprodukitem_produk_item_id_6ced4c1c_fk_toko_prod FOREIGN KEY (produk_item_id) REFERENCES public.toko_produkitem(id) DEFERRABLE INITIALLY DEFERRED;


--
-- TOC entry 3445 (class 2606 OID 24891)
-- Name: toko_orderprodukitem toko_orderprodukitem_user_id_0be4cb4f_fk_auth_user_id; Type: FK CONSTRAINT; Schema: public; Owner: postgres
--

ALTER TABLE ONLY public.toko_orderprodukitem
    ADD CONSTRAINT toko_orderprodukitem_user_id_0be4cb4f_fk_auth_user_id FOREIGN KEY (user_id) REFERENCES public.auth_user(id) DEFERRABLE INITIALLY DEFERRED;


--
-- TOC entry 3452 (class 2606 OID 24952)
-- Name: toko_payment toko_payment_user_id_df0a8a52_fk_auth_user_id; Type: FK CONSTRAINT; Schema: public; Owner: postgres
--

ALTER TABLE ONLY public.toko_payment
    ADD CONSTRAINT toko_payment_user_id_df0a8a52_fk_auth_user_id FOREIGN KEY (user_id) REFERENCES public.auth_user(id) DEFERRABLE INITIALLY DEFERRED;


--
-- TOC entry 3455 (class 2606 OID 25019)
-- Name: toko_produkimages toko_produkimages_produk_id_b1969236_fk_toko_produkitem_id; Type: FK CONSTRAINT; Schema: public; Owner: postgres
--

ALTER TABLE ONLY public.toko_produkimages
    ADD CONSTRAINT toko_produkimages_produk_id_b1969236_fk_toko_produkitem_id FOREIGN KEY (produk_id) REFERENCES public.toko_produkitem(id) DEFERRABLE INITIALLY DEFERRED;


--
-- TOC entry 3453 (class 2606 OID 24991)
-- Name: toko_produkreview toko_produkreview_produk_id_85c2d0db_fk_toko_produkitem_id; Type: FK CONSTRAINT; Schema: public; Owner: postgres
--

ALTER TABLE ONLY public.toko_produkreview
    ADD CONSTRAINT toko_produkreview_produk_id_85c2d0db_fk_toko_produkitem_id FOREIGN KEY (produk_id) REFERENCES public.toko_produkitem(id) DEFERRABLE INITIALLY DEFERRED;


--
-- TOC entry 3454 (class 2606 OID 24983)
-- Name: toko_produkreview toko_produkreview_user_id_e62d08e7_fk_auth_user_id; Type: FK CONSTRAINT; Schema: public; Owner: postgres
--

ALTER TABLE ONLY public.toko_produkreview
    ADD CONSTRAINT toko_produkreview_user_id_e62d08e7_fk_auth_user_id FOREIGN KEY (user_id) REFERENCES public.auth_user(id) DEFERRABLE INITIALLY DEFERRED;


-- Completed on 2023-06-08 23:28:07

--
-- PostgreSQL database dump complete
--

